trade_id,window,pair,variant,signal_time_utc,entry_time_utc,exit_time_utc,entry,stop,target,stop_method,planned_rr_price,planned_rr_net,risk_pct,pair_cap_pct,qty,notional,risk_amount,exit_price,exit_reason,fees,pnl,r_multiple,hold_h,f_dist_regime_pct,f_ema_gap_pct,f_hour_utc,f_rsi,f_vol_ratio,ml_prob,notes,auto_flags,reviewer_ok,reviewer_note
1,TRAIN,BNB/USDT,base+ml,2019-02-25T12:00:00Z,2019-02-25T16:00:00Z,2019-02-27T12:00:00Z,7.266014,6.817197,8.214104,pivot,2.1124,2.0000,0.5000,0.5000,107.22590390,779.1049,50.0000,6.813788,SL,1.5097,-50.0000,-1.0000,44.00,5.193362,0.475498,16.000000,58.036966,1.638632,0.3970,"reserved 0.5% (cap 0.5%, R6 0.5%, guard x1); stop pivot 6.8617984 -0.65%",,,
2,TRAIN,BNB/USDT,base+ml,2019-04-07T16:00:00Z,2019-04-07T20:00:00Z,2019-04-08T08:00:00Z,6.344757,6.288397,6.501872,pivot,2.7877,2.0000,0.5000,0.5000,689.68820813,4375.9040,49.7500,6.501872,TP,8.8602,99.5000,2.0000,12.00,6.077940,0.204060,20.000000,55.791118,3.896368,0.4998,"reserved 0.5% (cap 0.5%, R6 0.5%, guard x1); stop pivot 6.329539 -0.65%",,,
3,TRAIN,BNB/USDT,base+ml,2019-04-19T12:00:00Z,2019-04-19T16:00:00Z,2019-04-20T12:00:00Z,6.519709,6.388865,6.826945,pivot,2.3481,2.0000,0.5000,0.5000,341.94843292,2229.4044,50.2475,6.826945,TP,4.5639,100.4950,2.0000,20.00,4.904979,0.152106,16.000000,53.173871,1.526071,0.3652,"reserved 0.5% (cap 0.5%, R6 0.5%, guard x1); stop pivot 6.4306639 -0.65%",,,
4,TRAIN,BNB/USDT,base+ml,2019-05-07T08:00:00Z,2019-05-07T12:00:00Z,2019-06-04T04:00:00Z,6.854222,6.342821,7.924532,pivot,2.0929,2.0000,0.5000,0.5000,96.15999851,659.1019,50.7500,6.339650,SL,1.2687,-50.7500,-1.0000,664.00,5.581164,0.809265,12.000000,67.222124,2.354550,0.3891,"reserved 0.5% (cap 0.5%, R6 0.5%, guard x1); stop pivot 6.3843191 -0.65%",,,
5,TRAIN,BTC/USDT,base+ml,2019-06-30T16:00:00Z,2019-06-30T20:00:00Z,2019-07-01T04:00:00Z,1790.262236,1770.463398,1842.382701,pivot,2.6325,2.0000,1.0000,1.0000,4.16568323,7457.6654,100.9925,1842.382701,TP,15.1324,201.9849,2.0000,8.00,1.797387,0.904056,20.000000,61.214364,1.675997,0.3504,"reserved 1% (cap 1%, R6 1%, guard x1); stop pivot 1774.9006 -0.25%",,,
6,TRAIN,BTC/USDT,base+ml,2019-07-16T12:00:00Z,2019-07-16T16:00:00Z,2019-07-17T20:00:00Z,1798.282399,1758.998084,1889.410524,pivot,2.3197,2.0000,1.0000,1.0000,2.35617089,4237.0606,103.0123,1889.410524,TP,8.6888,206.0246,2.0000,28.00,2.342311,0.132667,16.000000,56.243550,1.970475,0.3992,"reserved 1% (cap 1%, R6 1%, guard x1); stop pivot 1763.4066 -0.25%",,,
7,TRAIN,ETH/USDT,base+ml,2019-07-23T16:00:00Z,2019-07-23T20:00:00Z,2019-07-31T00:00:00Z,86.310358,79.934358,99.660675,pivot,2.0938,2.0000,1.0000,1.0000,15.96320093,1377.7896,105.0725,99.660675,TP,2.9687,210.1451,2.0000,172.00,4.786783,0.707006,20.000000,69.491536,2.174528,0.4908,"reserved 1% (cap 1%, R6 1%, guard x1); stop pivot 80.134694 -0.25%",,,
8,TRAIN,BTC/USDT,base+ml,2019-07-31T16:00:00Z,2019-07-31T20:00:00Z,2019-08-02T08:00:00Z,1957.153716,1901.681456,2081.754596,pivot,2.2462,2.0000,1.0000,1.0000,1.77790716,3479.6376,107.1740,2081.754596,TP,7.1808,214.3480,2.0000,36.00,6.549438,0.752239,20.000000,65.832403,1.780637,0.4441,"reserved 1% (cap 1%, R6 1%, guard x1); stop pivot 1906.4476 -0.25%",,,
9,TRAIN,ETH/USDT,base+ml,2019-08-15T16:00:00Z,2019-08-15T20:00:00Z,2019-08-18T04:00:00Z,126.189039,122.841068,133.765714,pivot,2.2631,2.0000,1.0000,1.0000,29.88154915,3770.7240,109.3175,133.765714,TP,7.7679,218.6350,2.0000,56.00,20.624379,1.094698,20.000000,59.433988,3.340981,0.5573,"reserved 1% (cap 1%, R6 1%, guard x1); stop pivot 123.14894 -0.25%",,,
10,TRAIN,BTC/USDT,base+ml,2019-08-19T08:00:00Z,2019-08-19T12:00:00Z,2019-08-26T16:00:00Z,2183.521086,2141.390157,2283.038575,pivot,2.3621,2.0000,1.0000,1.0000,2.34619117,5122.9579,111.5038,2283.038575,TP,10.4794,223.0077,2.0000,172.00,7.187948,0.215518,12.000000,52.752052,4.646345,0.4302,"reserved 1% (cap 1%, R6 1%, guard x1); stop pivot 2146.757 -0.25%",,,
11,TRAIN,BTC/USDT,base+ml,2019-08-29T16:00:00Z,2019-08-29T20:00:00Z,2019-09-03T20:00:00Z,2295.640749,2229.248223,2444.442682,pivot,2.2412,2.0000,1.0000,1.0000,1.57895935,3624.7234,113.7339,2228.133599,SL,7.1429,-113.7339,-1.0000,120.00,7.440566,0.196804,20.000000,54.946561,1.876056,0.3904,"reserved 1% (cap 1%, R6 1%, guard x1); stop pivot 2234.8353 -0.25%",,,
12,TRAIN,BTC/USDT,base+ml,2019-09-10T16:00:00Z,2019-09-10T20:00:00Z,2019-09-17T20:00:00Z,2169.105737,2085.490186,2351.449992,pivot,2.1807,2.0000,1.0000,1.0000,1.26638422,2746.9213,112.5966,2084.447441,SL,5.3866,-112.5966,-1.0000,168.00,0.564335,0.375461,20.000000,63.824731,1.502192,0.3891,"reserved 1% (cap 1%, R6 1%, guard x1); stop pivot 2090.717 -0.25%",,,
13,TRAIN,ETH/USDT,base+ml,2019-10-19T12:00:00Z,2019-10-19T16:00:00Z,2019-10-22T12:00:00Z,113.262321,111.257968,118.062540,pivot,2.3949,2.0000,1.0000,1.0000,48.79543847,5526.6846,111.4706,118.062540,TP,11.2876,222.9412,2.0000,68.00,1.073700,0.345815,16.000000,53.907071,2.545079,0.3854,"reserved 1% (cap 1%, R6 1%, guard x1); stop pivot 111.53681 -0.25%",,,
14,TRAIN,ETH/USDT,base+ml,2019-10-23T08:00:00Z,2019-10-23T12:00:00Z,2019-10-26T12:00:00Z,119.105409,114.749142,128.648041,pivot,2.1906,2.0000,1.0000,1.0000,24.46508865,2913.9244,113.7000,114.691767,SL,5.7199,-113.7000,-1.0000,72.00,5.428171,1.119235,12.000000,61.137128,3.125980,0.3542,"reserved 1% (cap 1%, R6 1%, guard x1); stop pivot 115.03673 -0.25%",,,
15,TRAIN,BTC/USDT,base+ml,2019-11-15T08:00:00Z,2019-11-15T12:00:00Z,2019-11-20T00:00:00Z,2221.708091,2172.455395,2335.729531,pivot,2.3150,2.0000,1.0000,1.0000,2.05662148,4569.2126,112.5630,2335.729531,TP,9.3729,225.1260,2.0000,108.00,8.691348,1.399719,12.000000,67.766653,1.582916,0.3393,"reserved 1% (cap 1%, R6 1%, guard x1); stop pivot 2177.9001 -0.25%",,,
16,TRAIN,BTC/USDT,base+ml,2019-11-27T16:00:00Z,2019-11-27T20:00:00Z,2019-11-28T04:00:00Z,2605.130510,2562.395616,2708.809123,pivot,2.4261,2.0000,1.0000,1.0000,2.33446146,6081.5768,114.8143,2708.809123,TP,12.4052,229.6285,2.0000,8.00,16.336997,1.285571,20.000000,65.526843,1.816429,0.4837,"reserved 1% (cap 1%, R6 1%, guard x1); stop pivot 2568.8177 -0.25%",,,
17,TRAIN,ETH/USDT,base+ml,2019-12-08T16:00:00Z,2019-12-08T20:00:00Z,2019-12-09T08:00:00Z,108.264890,105.965596,113.619684,pivot,2.3289,2.0000,1.0000,1.0000,45.63126262,4940.2636,117.1106,113.619684,TP,10.1249,234.2211,2.0000,12.00,0.849810,0.725643,20.000000,62.352726,2.642471,0.4168,"reserved 1% (cap 1%, R6 1%, guard x1); stop pivot 106.23117 -0.25%",,,
18,TRAIN,BNB/USDT,base+ml,2019-12-11T16:00:00Z,2019-12-11T20:00:00Z,2019-12-14T12:00:00Z,4.123956,3.955444,4.489703,pivot,2.1705,2.0000,0.5000,0.5000,334.47628726,1379.3654,59.7264,3.953466,SL,2.7017,-59.7264,-1.0000,64.00,5.472599,1.131076,20.000000,61.398604,1.658157,0.3635,"reserved 0.5% (cap 0.5%, R6 0.5%, guard x1); stop pivot 3.9813227 -0.65%",,,
19,TRAIN,BTC/USDT,base+ml,2019-12-28T12:00:00Z,2019-12-28T16:00:00Z,2020-01-04T16:00:00Z,2673.217354,2587.011133,2864.272166,pivot,2.2163,2.0000,1.0000,1.0000,1.28134128,3425.3038,118.8555,2585.717628,SL,6.7385,-118.8555,-1.0000,168.00,2.296930,0.784439,16.000000,58.113237,1.708990,0.3604,"reserved 1% (cap 1%, R6 1%, guard x1); stop pivot 2593.4949 -0.25%",,,
20,TRAIN,BNB/USDT,base+ml,2020-01-15T12:00:00Z,2020-01-15T16:00:00Z,2020-01-16T12:00:00Z,4.040143,3.901343,4.345911,pivot,2.2029,2.0000,0.5000,0.5000,395.67697389,1598.5916,58.8335,4.345911,TP,3.3182,117.6669,2.0000,20.00,0.655293,1.238221,16.000000,68.445931,3.746852,0.5281,"reserved 0.5% (cap 0.5%, R6 0.5%, guard x1); stop pivot 3.9268674 -0.65%",,,
21,TRAIN,BNB/USDT,base+ml,2020-02-04T20:00:00Z,2020-02-05T00:00:00Z,2020-02-14T04:00:00Z,4.224982,3.892990,4.918234,pivot,2.0882,2.0000,0.5000,0.5000,173.72033662,733.9653,59.4218,3.891044,SL,1.4099,-59.4218,-1.0000,220.00,0.396208,0.670262,0.000000,68.777527,2.642248,0.3392,"reserved 0.5% (cap 0.5%, R6 0.5%, guard x1); stop pivot 3.9184604 -0.65%",,,
22,TRAIN,BNB/USDT,base+ml,2020-02-27T16:00:00Z,2020-02-27T20:00:00Z,2020-02-28T00:00:00Z,4.285073,4.189048,4.507050,pivot,2.3116,2.0000,0.5000,0.5000,554.68151366,2376.8508,59.1247,4.186953,SL,4.6993,-59.1247,-1.0000,4.00,4.042906,0.604356,20.000000,58.657692,1.503749,0.3536,"reserved 0.5% (cap 0.5%, R6 0.5%, guard x1); stop pivot 4.2164545 -0.65%",,,
23,TRAIN,ETH/USDT,base+ml,2020-03-10T12:00:00Z,2020-03-10T16:00:00Z,2020-03-14T20:00:00Z,108.118781,104.222783,116.664363,pivot,2.1934,2.0000,1.0000,1.0000,28.28049654,3057.6528,117.6582,116.664363,TP,6.3570,235.3163,2.0000,100.00,7.627149,1.440729,16.000000,67.520285,2.167372,0.4709,"reserved 1% (cap 1%, R6 1%, guard x1); stop pivot 104.48399 -0.25%",,,
24,TRAIN,BNB/USDT,base+ml,2020-03-25T12:00:00Z,2020-03-25T16:00:00Z,2020-03-31T00:00:00Z,3.813733,3.575286,4.317108,pivot,2.1111,2.0000,0.5000,0.5000,242.32752452,924.1724,60.0057,3.573498,SL,1.7901,-60.0057,-1.0000,128.00,0.754237,1.322627,16.000000,69.703395,2.742543,0.4786,"reserved 0.5% (cap 0.5%, R6 0.5%, guard x1); stop pivot 3.5986769 -0.65%",,,
25,TRAIN,BTC/USDT,base+ml,2020-05-18T20:00:00Z,2020-05-19T00:00:00Z,2020-05-30T20:00:00Z,2029.038250,1906.742385,2287.723138,pivot,2.1152,2.0000,1.0000,1.0000,0.93888538,1905.0344,119.4113,1905.789013,SL,3.6944,-119.4113,-1.0000,284.00,3.077180,0.438236,0.000000,68.914547,1.877922,0.3346,"reserved 1% (cap 1%, R6 1%, guard x1); stop pivot 1911.5212 -0.25%",,,
26,TRAIN,BNB/USDT,base+ml,2020-06-27T20:00:00Z,2020-06-28T00:00:00Z,2020-07-04T00:00:00Z,4.068303,3.905526,4.422198,pivot,2.1741,2.0000,0.5000,0.5000,342.25719339,1392.4060,59.1086,4.422198,TP,2.9059,118.2171,2.0000,144.00,0.620796,0.568891,0.000000,59.583811,4.740635,0.3744,"reserved 0.5% (cap 0.5%, R6 0.5%, guard x1); stop pivot 3.9310776 -0.65%",,,
27,TRAIN,ETH/USDT,base+ml,2020-08-05T12:00:00Z,2020-08-05T16:00:00Z,2020-08-12T20:00:00Z,91.248239,86.583194,101.212952,pivot,2.1360,2.0000,1.0000,1.0000,24.43639979,2229.7785,119.3993,86.539902,SL,4.3445,-119.3993,-1.0000,172.00,5.585541,0.534599,16.000000,62.219808,2.490518,0.4832,"reserved 1% (cap 1%, R6 1%, guard x1); stop pivot 86.800194 -0.25%",,,
28,TRAIN,BNB/USDT,base+ml,2020-08-15T12:00:00Z,2020-08-15T16:00:00Z,2020-08-15T20:00:00Z,4.762955,4.630518,5.061065,pivot,2.2510,2.0000,0.5000,0.5000,410.02732798,1952.9417,59.1027,4.628203,SL,3.8506,-59.1027,-1.0000,4.00,7.716771,0.247950,16.000000,57.113464,1.923962,0.4383,"reserved 0.5% (cap 0.5%, R6 0.5%, guard x1); stop pivot 4.6608133 -0.65%",,,
29,TRAIN,BNB/USDT,base+ml,2020-09-24T16:00:00Z,2020-09-24T20:00:00Z,2020-10-21T08:00:00Z,4.599676,4.326334,5.178310,pivot,2.1169,2.0000,0.5000,0.5000,206.75557828,951.0086,58.8071,4.324171,SL,1.8451,-58.8071,-1.0000,636.00,0.600469,0.334908,20.000000,59.909103,1.824918,0.3735,"reserved 0.5% (cap 0.5%, R6 0.5%, guard x1); stop pivot 4.3546396 -0.65%",,,
30,TRAIN,BNB/USDT,base+ml,2020-11-01T20:00:00Z,2020-11-02T00:00:00Z,2020-11-07T04:00:00Z,4.754065,4.463553,5.368103,pivot,2.1136,2.0000,0.5000,0.5000,193.77879342,921.2369,58.5131,4.461322,SL,1.7857,-58.5131,-1.0000,124.00,3.277042,1.006151,0.000000,69.793944,4.671246,0.4578,"reserved 0.5% (cap 0.5%, R6 0.5%, guard x1); stop pivot 4.4927563 -0.65%",,,
31,TRAIN,BTC/USDT,base+ml,2021-01-31T12:00:00Z,2021-01-31T16:00:00Z,2021-02-04T20:00:00Z,1192.843411,1166.161459,1254.537702,pivot,2.3122,2.0000,1.0000,1.0000,3.93070611,4688.7169,116.4411,1165.578378,SL,9.2703,-116.4411,-1.0000,100.00,3.494038,0.728761,16.000000,61.668531,1.846053,0.4128,"reserved 1% (cap 1%, R6 1%, guard x1); stop pivot 1169.0842 -0.25%",,,
32,TRAIN,ETH/USDT,base+ml,2021-02-07T16:00:00Z,2021-02-07T20:00:00Z,2021-02-13T16:00:00Z,49.492221,47.307427,54.206368,pivot,2.1577,2.0000,1.0000,1.0000,50.00671259,2474.9433,115.2767,47.283773,SL,4.8394,-115.2767,-1.0000,140.00,11.883376,1.140169,20.000000,57.069556,4.684723,0.5389,"reserved 1% (cap 1%, R6 1%, guard x1); stop pivot 47.425992 -0.25%",,,
33,TRAIN,BTC/USDT,base+ml,2021-02-20T12:00:00Z,2021-02-20T16:00:00Z,2021-02-25T00:00:00Z,1191.594716,1148.815644,1285.458401,pivot,2.1941,2.0000,1.0000,1.0000,2.49760637,2976.1346,114.1239,1148.241237,SL,5.8440,-114.1239,-1.0000,104.00,2.014317,0.857822,16.000000,62.936146,3.044526,0.4716,"reserved 1% (cap 1%, R6 1%, guard x1); stop pivot 1151.6949 -0.25%",,,
34,TRAIN,ETH/USDT,base+ml,2021-02-25T12:00:00Z,2021-02-25T16:00:00Z,2021-02-27T08:00:00Z,49.565902,48.040593,52.962254,pivot,2.2267,2.0000,1.0000,1.0000,68.60274109,3400.3567,112.9827,48.016572,SL,6.6944,-112.9827,-1.0000,40.00,6.342018,1.110311,16.000000,60.794917,2.656908,0.4460,"reserved 1% (cap 1%, R6 1%, guard x1); stop pivot 48.160995 -0.25%",,,
35,TRAIN,BTC/USDT,base+ml,2021-03-06T16:00:00Z,2021-03-06T20:00:00Z,2021-03-07T08:00:00Z,1167.040457,1146.117812,1217.041117,pivot,2.3898,2.0000,1.0000,1.0000,4.69806337,5482.8300,111.8529,1145.544753,SL,10.8647,-111.8529,-1.0000,12.00,1.711339,1.599433,20.000000,66.103362,4.062747,0.4802,"reserved 1% (cap 1%, R6 1%, guard x1); stop pivot 1148.9903 -0.25%",,,
36,TRAIN,BNB/USDT,base+ml,2021-03-08T08:00:00Z,2021-03-08T12:00:00Z,2021-03-09T04:00:00Z,4.699195,4.612335,4.905749,pivot,2.3780,2.0000,0.5000,0.5000,562.24705805,2642.1084,55.3672,4.905749,TP,5.4004,110.7343,2.0000,16.00,0.276716,1.897564,12.000000,69.586422,3.779589,0.3779,"reserved 0.5% (cap 0.5%, R6 0.5%, guard x1); stop pivot 4.6425116 -0.65%",,,
37,TRAIN,ETH/USDT,base+ml,2021-03-10T16:00:00Z,2021-03-10T20:00:00Z,2021-03-21T00:00:00Z,46.760694,43.484941,53.636530,pivot,2.0990,2.0000,1.0000,1.0000,33.01385219,1543.7506,111.8417,43.463199,SL,2.9786,-111.8417,-1.0000,244.00,2.325435,1.963945,20.000000,68.113512,2.644648,0.4009,"reserved 1% (cap 1%, R6 1%, guard x1); stop pivot 43.593926 -0.25%",,,
38,TRAIN,BTC/USDT,base+ml,2021-04-06T16:00:00Z,2021-04-06T20:00:00Z,2021-04-09T08:00:00Z,1222.192331,1190.841123,1293.426082,pivot,2.2721,2.0000,1.0000,1.0000,3.22253369,3938.5560,110.7232,1293.426082,TP,8.1067,221.4465,2.0000,60.00,3.060373,0.052186,20.000000,51.323985,3.822495,0.4393,"reserved 1% (cap 1%, R6 1%, guard x1); stop pivot 1193.8257 -0.25%",,,
39,TRAIN,ETH/USDT,base+ml,2021-04-13T16:00:00Z,2021-04-13T20:00:00Z,2021-04-14T20:00:00Z,48.234013,46.773179,51.492148,pivot,2.2303,2.0000,1.0000,1.0000,71.51556275,3449.4826,112.9377,46.749792,SL,6.7928,-112.9377,-1.0000,24.00,8.641296,0.602351,20.000000,62.680130,2.224994,0.4652,"reserved 1% (cap 1%, R6 1%, guard x1); stop pivot 46.890405 -0.25%",,,
40,TRAIN,BTC/USDT,base+ml,2021-04-18T16:00:00Z,2021-04-18T20:00:00Z,2021-04-27T16:00:00Z,1328.917069,1273.505432,1448.995332,pivot,2.1670,2.0000,1.0000,1.0000,1.90635980,2533.3941,111.8083,1272.868679,SL,4.9599,-111.8083,-1.0000,212.00,7.111977,0.932898,20.000000,65.458218,2.041406,0.4474,"reserved 1% (cap 1%, R6 1%, guard x1); stop pivot 1276.6972 -0.25%",,,
41,TRAIN,BTC/USDT,base+ml,2021-05-20T12:00:00Z,2021-05-20T16:00:00Z,2021-05-22T00:00:00Z,1232.873675,1209.036447,1289.161813,pivot,2.3614,2.0000,1.0000,1.0000,4.11747354,5076.3247,110.6903,1208.431929,SL,10.0520,-110.6903,-1.0000,32.00,1.138757,0.743403,16.000000,56.993388,1.789668,0.3489,"reserved 1% (cap 1%, R6 1%, guard x1); stop pivot 1212.0666 -0.25%",,,
42,TRAIN,BTC/USDT,base+ml,2021-06-17T16:00:00Z,2021-06-17T20:00:00Z,2021-06-20T16:00:00Z,1156.374796,1123.258302,1230.676238,pivot,2.2436,2.0000,1.0000,1.0000,3.04760564,3524.1743,109.5834,1230.676238,TP,7.2748,219.1667,2.0000,68.00,2.078401,0.530741,20.000000,61.720060,3.585007,0.4860,"reserved 1% (cap 1%, R6 1%, guard x1); stop pivot 1126.0735 -0.25%",,,
43,TRAIN,BNB/USDT,base+ml,2021-06-24T12:00:00Z,2021-06-24T16:00:00Z,2021-06-25T12:00:00Z,7.292359,7.151541,7.624945,pivot,2.3618,2.0000,0.5000,0.5000,351.86057009,2565.8937,55.8875,7.624945,TP,5.2488,111.7750,2.0000,20.00,9.754514,0.348730,16.000000,56.486258,2.704307,0.4852,"reserved 0.5% (cap 0.5%, R6 0.5%, guard x1); stop pivot 7.1983303 -0.65%",,,
44,TRAIN,ETH/USDT,base+ml,2021-06-26T12:00:00Z,2021-06-26T16:00:00Z,2021-07-02T20:00:00Z,41.591137,40.020390,45.022448,pivot,2.1845,2.0000,1.0000,1.0000,67.50552630,2807.6316,112.8928,40.000380,SL,5.5079,-112.8928,-1.0000,148.00,5.823999,0.529309,16.000000,61.134036,2.362443,0.4678,"reserved 1% (cap 1%, R6 1%, guard x1); stop pivot 40.120692 -0.25%",,,
45,TRAIN,BNB/USDT,base+ml,2021-08-09T08:00:00Z,2021-08-09T12:00:00Z,2021-08-14T00:00:00Z,8.338729,8.107183,8.860011,pivot,2.2513,2.0000,0.5000,0.5000,221.71717150,1848.8395,55.8819,8.103130,SL,3.6454,-55.8819,-1.0000,108.00,8.240197,0.364490,12.000000,56.833841,3.553631,0.4067,"reserved 0.5% (cap 0.5%, R6 0.5%, guard x1); stop pivot 8.1602246 -0.65%",,,
46,TRAIN,ETH/USDT,base+ml,2021-10-06T20:00:00Z,2021-10-07T00:00:00Z,2021-10-07T12:00:00Z,36.797985,35.509228,39.632016,pivot,2.1990,2.0000,1.0000,1.0000,80.65344710,2967.8843,111.2050,35.491474,SL,5.8304,-111.2050,-1.0000,12.00,11.451480,0.797070,0.000000,62.398817,4.291437,0.4434,"reserved 1% (cap 1%, R6 1%, guard x1); stop pivot 35.598224 -0.25%",,,
47,TRAIN,BTC/USDT,base+ml,2021-10-21T08:00:00Z,2021-10-21T12:00:00Z,2021-11-05T00:00:00Z,1226.850647,1166.708050,1355.671021,pivot,2.1419,2.0000,1.0000,1.0000,1.74421489,2139.8912,110.0930,1355.671021,TP,4.5045,220.1859,2.0000,348.00,7.917381,0.433031,12.000000,65.802227,1.501859,0.3721,"reserved 1% (cap 1%, R6 1%, guard x1); stop pivot 1169.6321 -0.25%",,,
48,TRAIN,BNB/USDT,base+ml,2021-12-05T08:00:00Z,2021-12-05T12:00:00Z,2021-12-06T12:00:00Z,7.104874,6.945012,7.474213,pivot,2.3104,2.0000,0.5000,0.5000,316.53698212,2248.9553,56.1474,6.941540,SL,4.4462,-56.1474,-1.0000,24.00,8.425900,0.559087,12.000000,56.240843,3.351352,0.3792,"reserved 0.5% (cap 0.5%, R6 0.5%, guard x1); stop pivot 6.9904502 -0.65%",,,
49,TRAIN,BTC/USDT,base+ml,2021-12-09T12:00:00Z,2021-12-09T16:00:00Z,2021-12-18T04:00:00Z,1175.575854,1124.864158,1285.184627,pivot,2.1614,2.0000,1.0000,1.0000,2.08558896,2451.7680,111.7334,1124.301725,SL,4.7966,-111.7334,-1.0000,204.00,0.253500,0.182015,16.000000,60.438879,3.664848,0.5144,"reserved 1% (cap 1%, R6 1%, guard x1); stop pivot 1127.6834 -0.25%",,,
50,TRAIN,BNB/USDT,base+ml,2022-01-16T08:00:00Z,2022-01-16T12:00:00Z,2022-01-17T12:00:00Z,10.484481,10.169967,11.186648,pivot,2.2325,2.0000,0.5000,0.5000,162.55196581,1704.2730,55.3080,11.186648,TP,3.5227,110.6160,2.0000,24.00,15.012922,0.832794,12.000000,65.522092,3.339645,0.4990,"reserved 0.5% (cap 0.5%, R6 0.5%, guard x1); stop pivot 10.236504 -0.65%",,,
51,TRAIN,BTC/USDT,base+ml,2022-01-19T08:00:00Z,2022-01-19T12:00:00Z,2022-01-19T20:00:00Z,1139.137036,1123.188193,1178.999573,pivot,2.4994,2.0000,1.0000,1.0000,5.95146980,6779.5397,111.7222,1178.999573,TP,13.7963,223.4444,2.0000,8.00,6.183328,1.190181,12.000000,68.942098,2.773456,0.4076,"reserved 1% (cap 1%, R6 1%, guard x1); stop pivot 1126.0032 -0.25%",,,
52,TRAIN,BNB/USDT,base+ml,2022-01-26T20:00:00Z,2022-01-27T00:00:00Z,2022-01-27T12:00:00Z,13.098396,12.700234,13.986088,pivot,2.2295,2.0000,0.5000,0.5000,132.41409298,1734.4122,56.9783,12.693884,SL,3.4153,-56.9783,-1.0000,12.00,22.422959,1.060768,0.000000,65.664759,1.516301,0.3880,"reserved 0.5% (cap 0.5%, R6 0.5%, guard x1); stop pivot 12.783326 -0.65%",,,
53,TRAIN,BNB/USDT,base+ml,2022-01-30T08:00:00Z,2022-01-30T12:00:00Z,2022-02-01T16:00:00Z,13.205806,12.414396,14.880355,pivot,2.1159,2.0000,0.5000,0.5000,68.86695356,909.4436,56.6934,14.880355,TP,1.9342,113.3868,2.0000,52.00,19.049300,0.800962,12.000000,66.099134,1.506663,0.4352,"reserved 0.5% (cap 0.5%, R6 0.5%, guard x1); stop pivot 12.495618 -0.65%",,,
54,TRAIN,BNB/USDT,base+ml,2022-02-05T04:00:00Z,2022-02-05T08:00:00Z,2022-02-10T12:00:00Z,15.205908,14.292732,17.137879,pivot,2.1157,2.0000,0.5000,0.5000,60.28588646,916.7017,57.2604,14.285586,SL,1.7779,-57.2604,-1.0000,124.00,25.251949,1.078211,8.000000,67.073394,1.614884,0.3410,"reserved 0.5% (cap 0.5%, R6 0.5%, guard x1); stop pivot 14.386243 -0.65%",,,
55,TRAIN,BTC/USDT,base+ml,2022-03-10T08:00:00Z,2022-03-10T12:00:00Z,2022-03-11T12:00:00Z,1272.112217,1247.670562,1329.883509,pivot,2.3636,2.0000,1.0000,1.0000,4.13085226,5254.9076,113.9481,1329.883509,TP,10.7485,227.8962,2.0000,24.00,9.606823,1.259423,12.000000,63.519578,2.609754,0.3701,"reserved 1% (cap 1%, R6 1%, guard x1); stop pivot 1250.7976 -0.25%",,,
56,TRAIN,BNB/USDT,base+ml,2022-03-23T16:00:00Z,2022-03-23T20:00:00Z,2022-03-24T12:00:00Z,14.584085,14.350096,15.154006,pivot,2.4357,2.0000,0.5000,0.5000,215.16264973,3137.9504,58.1135,15.154006,TP,6.3985,116.2271,2.0000,16.00,3.434505,0.832732,20.000000,59.704524,2.643023,0.4047,"reserved 0.5% (cap 0.5%, R6 0.5%, guard x1); stop pivot 14.443982 -0.65%",,,
57,TRAIN,BTC/USDT,base+ml,2022-04-04T08:00:00Z,2022-04-04T12:00:00Z,2022-04-05T00:00:00Z,1615.346441,1581.076358,1695.169464,pivot,2.3292,2.0000,1.0000,1.0000,3.06850073,4956.6917,117.3893,1580.285820,SL,9.8058,-117.3893,-1.0000,12.00,12.808865,0.064645,12.000000,51.634186,2.457930,0.3539,"reserved 1% (cap 1%, R6 1%, guard x1); stop pivot 1585.039 -0.25%",,,
58,TRAIN,ETH/USDT,base+ml,2022-05-06T16:00:00Z,2022-05-06T20:00:00Z,2022-05-23T20:00:00Z,15.232120,14.557008,16.688387,pivot,2.1571,2.0000,1.0000,1.0000,163.18431309,2485.6431,116.2154,14.549729,SL,4.8599,-116.2154,-1.0000,408.00,2.276934,0.011391,20.000000,58.655384,1.625623,0.3845,"reserved 1% (cap 1%, R6 1%, guard x1); stop pivot 14.593491 -0.25%",,,
59,TRAIN,BTC/USDT,base+ml,2022-06-29T08:00:00Z,2022-06-29T12:00:00Z,2022-07-06T16:00:00Z,1578.324107,1512.582663,1720.799001,pivot,2.1672,2.0000,1.0000,1.0000,1.65335234,2609.5258,115.0533,1511.826372,SL,5.1091,-115.0533,-1.0000,172.00,8.896045,0.536121,12.000000,64.565370,2.874950,0.4359,"reserved 1% (cap 1%, R6 1%, guard x1); stop pivot 1516.3736 -0.25%",,,
60,TRAIN,ETH/USDT,base+ml,2022-10-28T16:00:00Z,2022-10-28T20:00:00Z,2022-10-29T00:00:00Z,7.008499,6.839544,7.395341,pivot,2.2896,2.0000,1.0000,1.0000,611.66034687,4286.8208,113.9028,6.836124,SL,8.4682,-113.9028,-1.0000,4.00,8.549885,1.242618,20.000000,62.152159,3.856288,0.5082,"reserved 1% (cap 1%, R6 1%, guard x1); stop pivot 6.856686 -0.25%",,,
61,TRAIN,ETH/USDT,base+ml,2022-10-31T16:00:00Z,2022-10-31T20:00:00Z,2022-11-08T00:00:00Z,7.095904,6.800313,7.736505,pivot,2.1672,2.0000,1.0000,1.0000,360.40077822,2557.3693,112.7637,6.796913,SL,5.0070,-112.7637,-1.0000,172.00,8.536488,0.922973,20.000000,61.935165,2.723797,0.4636,"reserved 1% (cap 1%, R6 1%, guard x1); stop pivot 6.8173561 -0.25%",,,
62,TRAIN,BTC/USDT,base+ml,2022-11-12T08:00:00Z,2022-11-12T12:00:00Z,2022-11-13T12:00:00Z,1296.407742,1270.074010,1358.131513,pivot,2.3439,2.0000,1.0000,1.0000,3.77983909,4900.2127,111.6361,1269.438973,SL,9.6985,-111.6361,-1.0000,24.00,4.049275,0.916258,12.000000,65.902263,2.235681,0.3530,"reserved 1% (cap 1%, R6 1%, guard x1); stop pivot 1273.2572 -0.25%",,,
63,TRAIN,ETH/USDT,base+ml,2022-11-17T16:00:00Z,2022-11-17T20:00:00Z,2022-11-19T08:00:00Z,7.055833,6.805498,7.605686,pivot,2.1965,2.0000,1.0000,1.0000,413.01005745,2914.1301,110.5197,6.802095,SL,5.7235,-110.5197,-1.0000,36.00,3.788660,0.466634,20.000000,62.015362,1.653561,0.3989,"reserved 1% (cap 1%, R6 1%, guard x1); stop pivot 6.8225546 -0.25%",,,
64,TRAIN,ETH/USDT,base+ml,2022-11-25T12:00:00Z,2022-11-25T16:00:00Z,2022-11-27T08:00:00Z,6.868548,6.650963,7.351623,pivot,2.2202,2.0000,1.0000,1.0000,466.73153399,3205.7680,109.4145,7.351623,TP,6.6370,218.8291,2.0000,40.00,1.553974,1.013675,16.000000,63.470827,2.109057,0.4106,"reserved 1% (cap 1%, R6 1%, guard x1); stop pivot 6.6676317 -0.25%",,,
65,TRAIN,ETH/USDT,base+ml,2022-12-01T12:00:00Z,2022-12-01T16:00:00Z,2022-12-02T20:00:00Z,7.087319,6.862230,7.586925,pivot,2.2196,2.0000,1.0000,1.0000,460.28180110,3262.1638,111.6028,7.586925,TP,6.7543,223.2057,2.0000,28.00,3.447421,0.068598,16.000000,56.003810,4.233508,0.5364,"reserved 1% (cap 1%, R6 1%, guard x1); stop pivot 6.8794281 -0.25%",,,
66,TRAIN,ETH/USDT,base+ml,2022-12-14T08:00:00Z,2022-12-14T12:00:00Z,2022-12-15T00:00:00Z,7.311009,7.211611,7.560926,pivot,2.5143,2.0000,1.0000,1.0000,968.61904782,7081.5822,113.8349,7.560926,TP,14.4052,227.6698,2.0000,12.00,3.045995,0.761342,12.000000,55.312443,5.201167,0.4172,"reserved 1% (cap 1%, R6 1%, guard x1); stop pivot 7.2296848 -0.25%",,,
67,TRAIN,BTC/USDT,base+ml,2023-01-26T20:00:00Z,2023-01-27T00:00:00Z,2023-01-28T04:00:00Z,1404.928076,1339.540269,1545.481238,pivot,2.1495,2.0000,1.0000,1.0000,1.68763459,2371.0052,116.1116,1338.870499,SL,4.6305,-116.1116,-1.0000,28.00,3.356996,0.840182,0.000000,65.933498,3.542617,0.3714,"reserved 1% (cap 1%, R6 1%, guard x1); stop pivot 1342.8975 -0.25%",,,
68,TRAIN,ETH/USDT,base+ml,2023-02-28T08:00:00Z,2023-02-28T12:00:00Z,2023-03-01T16:00:00Z,7.307384,7.037743,7.897593,pivot,2.1889,2.0000,1.0000,1.0000,399.82537209,2921.6777,114.9505,7.897593,TP,6.0793,229.9009,2.0000,28.00,12.017166,1.414250,12.000000,62.939840,2.769752,0.3812,"reserved 1% (cap 1%, R6 1%, guard x1); stop pivot 7.0553816 -0.25%",,,
69,TRAIN,ETH/USDT,base+ml,2023-03-06T08:00:00Z,2023-03-06T12:00:00Z,2023-03-13T20:00:00Z,8.350278,7.783477,9.541816,pivot,2.1022,2.0000,1.0000,1.0000,199.80387261,1668.4180,117.2495,9.329975,END,3.5326,192.2145,1.6394,176.00,19.526232,0.766903,12.000000,63.736194,3.848222,0.5502,"reserved 1% (cap 1%, R6 1%, guard x1); stop pivot 7.8029847 -0.25%","window_end: window-end forced exit (window-boundary artifact, not an SL/TP outcome)",,
70,TEST,ETH/USDT,base+ml,2023-03-15T20:00:00Z,2023-03-16T00:00:00Z,2023-03-16T12:00:00Z,9.980954,9.928693,10.155351,pivot,3.3370,2.0000,0.7720,1.0000,1000.90728084,9990.0100,77.2000,10.155351,TP,20.1546,154.4000,2.0000,12.00,25.540260,2.753620,0.000000,67.439615,2.879140,0.3919,"reserved 1% (cap 1%, R6 1%, guard x1); stop pivot 9.9535774 -0.25%; size capped by notional",,,
71,TEST,BTC/USDT,base+ml,2023-03-19T04:00:00Z,2023-03-19T08:00:00Z,2023-03-19T20:00:00Z,1575.871804,1528.746510,1681.115834,pivot,2.2333,2.0000,1.0000,1.0000,1.99131179,3138.0521,101.5440,1527.982136,SL,6.1807,-101.5440,-1.0000,12.00,17.933322,1.865829,8.000000,69.704100,3.347691,0.3524,"reserved 1% (cap 1%, R6 1%, guard x1); stop pivot 1532.578 -0.25%",,,
72,TEST,ETH/USDT,base+ml,2023-03-21T04:00:00Z,2023-03-21T08:00:00Z,2023-03-22T20:00:00Z,10.363718,10.005409,11.152585,pivot,2.2016,2.0000,1.0000,1.0000,262.01468135,2715.4462,100.5286,10.000406,SL,5.3357,-100.5286,-1.0000,36.00,21.077161,0.618984,8.000000,59.730665,2.875087,0.3397,"reserved 1% (cap 1%, R6 1%, guard x1); stop pivot 10.030485 -0.25%",,,
73,TEST,ETH/USDT,base+ml,2023-03-30T16:00:00Z,2023-03-30T20:00:00Z,2023-04-06T04:00:00Z,10.306954,9.542304,11.907699,pivot,2.0934,2.0000,1.0000,1.0000,126.09611466,1299.6668,99.5233,9.537533,SL,2.5023,-99.5233,-1.0000,152.00,12.899545,1.697101,20.000000,68.436428,1.501096,0.4395,"reserved 1% (cap 1%, R6 1%, guard x1); stop pivot 9.5662199 -0.25%",,,
74,TEST,BTC/USDT,base+ml,2023-04-17T12:00:00Z,2023-04-17T16:00:00Z,2023-04-20T20:00:00Z,1709.494696,1663.959751,1812.495779,pivot,2.2620,2.0000,1.0000,1.0000,1.98087936,3386.3028,98.5280,1663.127771,SL,6.6808,-98.5280,-1.0000,76.00,8.612262,0.385084,16.000000,55.378361,4.469202,0.5625,"reserved 1% (cap 1%, R6 1%, guard x1); stop pivot 1668.1301 -0.25%",,,
75,TEST,BNB/USDT,base+ml,2023-05-19T12:00:00Z,2023-05-19T16:00:00Z,2023-05-30T12:00:00Z,4.333412,4.160884,4.708657,pivot,2.1750,2.0000,0.5000,0.5000,266.36308517,1154.2611,48.7714,4.158803,SL,2.2620,-48.7714,-1.0000,260.00,0.320316,1.088305,16.000000,64.946450,1.943137,0.4011,"reserved 0.5% (cap 0.5%, R6 0.5%, guard x1); stop pivot 4.1881065 -0.65%",,,
76,TEST,BTC/USDT,base+ml,2023-06-04T16:00:00Z,2023-06-04T20:00:00Z,2023-06-05T12:00:00Z,1514.958984,1489.013643,1577.437532,pivot,2.4081,2.0000,1.0000,1.0000,3.26860874,4951.8082,97.0550,1488.269136,SL,9.8164,-97.0550,-1.0000,16.00,0.574073,0.666453,20.000000,59.929247,3.593564,0.4484,"reserved 1% (cap 1%, R6 1%, guard x1); stop pivot 1492.7455 -0.25%",,,
77,TEST,BTC/USDT,base+ml,2023-06-19T12:00:00Z,2023-06-19T16:00:00Z,2023-06-29T04:00:00Z,1573.870826,1451.915988,1828.685095,pivot,2.0894,2.0000,1.0000,1.0000,0.76435975,1203.0035,96.0845,1828.685095,TP,2.6008,192.1690,2.0000,228.00,3.696171,1.625454,16.000000,62.592852,3.577021,0.4597,"reserved 1% (cap 1%, R6 1%, guard x1); stop pivot 1455.5549 -0.25%",,,
78,TEST,BTC/USDT,base+ml,2023-07-04T08:00:00Z,2023-07-04T12:00:00Z,2023-07-10T00:00:00Z,1819.576285,1745.221142,1980.960179,pivot,2.1704,2.0000,1.0000,1.0000,1.24386469,2263.3067,98.0062,1980.960179,TP,4.7274,196.0124,2.0000,132.00,12.445786,0.834340,12.000000,68.007896,1.922790,0.4233,"reserved 1% (cap 1%, R6 1%, guard x1); stop pivot 1749.5951 -0.25%",,,
79,TEST,BTC/USDT,base+ml,2023-07-10T12:00:00Z,2023-07-10T16:00:00Z,2023-07-11T12:00:00Z,1971.953867,1923.948493,2081.732128,pivot,2.2868,2.0000,1.0000,1.0000,1.89107045,3729.1037,99.9663,2081.732128,TP,7.6658,199.9326,2.0000,20.00,15.153705,0.971579,16.000000,65.011162,5.258518,0.7004,"reserved 1% (cap 1%, R6 1%, guard x1); stop pivot 1928.7704 -0.25%",,,
80,TEST,BNB/USDT,base+ml,2023-07-11T12:00:00Z,2023-07-11T16:00:00Z,2023-07-24T16:00:00Z,3.814297,3.651486,4.166481,pivot,2.1631,2.0000,0.5000,0.5000,296.23728919,1129.9371,50.9828,3.649660,SL,2.2111,-50.9828,-1.0000,312.00,4.735798,0.957167,16.000000,67.646284,1.566453,0.4484,"reserved 0.5% (cap 0.5%, R6 0.5%, guard x1); stop pivot 3.6753756 -0.65%",,,
81,TEST,BTC/USDT,base+ml,2023-07-25T20:00:00Z,2023-07-26T00:00:00Z,2023-07-31T08:00:00Z,2240.150202,2143.201592,2449.644979,pivot,2.1609,2.0000,1.0000,1.0000,0.99075528,2219.4406,101.4558,2142.129991,SL,4.3418,-101.4558,-1.0000,128.00,14.038321,0.852042,0.000000,64.593348,1.723891,0.3414,"reserved 1% (cap 1%, R6 1%, guard x1); stop pivot 2148.573 -0.25%",,,
82,TEST,ETH/USDT,base+ml,2023-09-19T12:00:00Z,2023-09-19T16:00:00Z,2023-09-28T12:00:00Z,5.208654,4.913983,5.834193,pivot,2.1228,2.0000,1.0000,1.0000,326.90611515,1702.7408,100.4413,4.911526,SL,3.3083,-100.4413,-1.0000,212.00,0.179532,0.823812,16.000000,62.564333,2.677369,0.4355,"reserved 1% (cap 1%, R6 1%, guard x1); stop pivot 4.9262988 -0.25%",,,
83,TEST,BNB/USDT,base+ml,2023-10-17T12:00:00Z,2023-10-17T16:00:00Z,2023-10-17T16:00:00Z,2.856595,2.784158,3.021410,pivot,2.2753,2.0000,0.5000,0.5000,625.63872649,1787.1965,49.7184,2.782766,SL,3.5282,-49.7184,-1.0000,0.00,7.861731,1.257188,16.000000,64.583024,2.478295,0.4744,"reserved 0.5% (cap 0.5%, R6 0.5%, guard x1); stop pivot 2.8023738 -0.65%","zero_hold: hold time 0h, exit in the fill candle (intrabar order assumed, check the chart)",,
84,TEST,BNB/USDT,base+ml,2023-10-30T16:00:00Z,2023-10-30T20:00:00Z,2023-11-14T08:00:00Z,3.217008,2.962705,3.747898,pivot,2.0876,2.0000,0.5000,0.5000,188.84317933,607.5100,49.4698,3.747898,TP,1.3153,98.9397,2.0000,348.00,11.231954,0.681525,20.000000,69.336317,3.274761,0.6023,"reserved 0.5% (cap 0.5%, R6 0.5%, guard x1); stop pivot 2.9820883 -0.65%",,,
85,TEST,BNB/USDT,base+ml,2024-01-01T16:00:00Z,2024-01-01T20:00:00Z,2024-01-03T20:00:00Z,3.021606,2.953793,3.178334,pivot,2.3112,2.0000,0.5000,0.5000,663.85939584,2005.9217,49.9645,3.178334,TP,4.1159,99.9291,2.0000,48.00,3.012569,1.199386,20.000000,61.897854,1.961360,0.3617,"reserved 0.5% (cap 0.5%, R6 0.5%, guard x1); stop pivot 2.9731186 -0.65%",,,
86,TEST,ETH/USDT,base+ml,2024-01-13T08:00:00Z,2024-01-13T12:00:00Z,2024-01-16T12:00:00Z,4.762759,4.477779,5.365801,pivot,2.1161,2.0000,1.0000,1.0000,340.44879635,1621.4755,100.9283,4.475540,SL,3.1452,-100.9283,-1.0000,72.00,8.441036,1.990494,12.000000,69.562814,4.042696,0.4480,"reserved 1% (cap 1%, R6 1%, guard x1); stop pivot 4.4890019 -0.25%",,,
87,TEST,BTC/USDT,base+ml,2024-01-16T12:00:00Z,2024-01-16T16:00:00Z,2024-01-18T00:00:00Z,1763.273103,1722.824381,1856.483600,pivot,2.3044,2.0000,1.0000,1.0000,2.23056662,3933.0981,99.9191,1856.483600,TP,8.0741,199.8381,2.0000,32.00,3.500972,0.738784,16.000000,60.015136,3.022867,0.4619,"reserved 1% (cap 1%, R6 1%, guard x1); stop pivot 1727.1422 -0.25%",,,
88,TEST,ETH/USDT,base+ml,2024-01-18T16:00:00Z,2024-01-18T20:00:00Z,2024-01-19T12:00:00Z,4.689813,4.610841,4.880533,pivot,2.4151,2.0000,1.0000,1.0000,1125.22528539,5277.0957,101.9174,4.608536,SL,10.4627,-101.9174,-1.0000,16.00,5.156900,0.599265,20.000000,55.986182,2.783377,0.4059,"reserved 1% (cap 1%, R6 1%, guard x1); stop pivot 4.6223972 -0.25%",,,
89,TEST,ETH/USDT,base+ml,2024-01-20T16:00:00Z,2024-01-20T20:00:00Z,2024-01-22T08:00:00Z,4.726493,4.544490,5.123431,pivot,2.1809,2.0000,1.0000,1.0000,521.31906029,2464.0108,100.8983,5.123431,TP,5.1350,201.7965,2.0000,36.00,5.453895,0.272260,20.000000,58.614207,2.364570,0.4314,"reserved 1% (cap 1%, R6 1%, guard x1); stop pivot 4.5558794 -0.25%",,,
90,TEST,BTC/USDT,base+ml,2024-01-24T12:00:00Z,2024-01-24T16:00:00Z,2024-01-28T00:00:00Z,1847.158762,1809.253162,1935.873262,pivot,2.3404,2.0000,1.0000,1.0000,2.42351231,4476.6120,102.9162,1808.348535,SL,8.8592,-102.9162,-1.0000,80.00,5.456688,0.441535,16.000000,59.306028,1.767176,0.4201,"reserved 1% (cap 1%, R6 1%, guard x1); stop pivot 1813.7876 -0.25%",,,
91,TEST,ETH/USDT,base+ml,2024-01-31T08:00:00Z,2024-01-31T12:00:00Z,2024-02-04T04:00:00Z,5.052704,4.716060,5.761057,pivot,2.1042,2.0000,1.0000,1.0000,292.13316448,1476.0625,101.8871,5.761057,TP,3.1591,203.7741,2.0000,88.00,7.271112,0.742896,12.000000,66.773662,2.430687,0.4061,"reserved 1% (cap 1%, R6 1%, guard x1); stop pivot 4.7278793 -0.25%",,,
92,TEST,ETH/USDT,base+ml,2024-02-08T00:00:00Z,2024-02-08T04:00:00Z,2024-02-08T08:00:00Z,6.093747,6.033545,6.256785,pivot,2.7082,2.0000,1.0000,1.0000,1379.34723688,8405.3937,103.9248,6.030528,SL,16.7236,-103.9248,-1.0000,4.00,19.676208,1.435038,4.000000,67.110236,3.517299,0.3528,"reserved 1% (cap 1%, R6 1%, guard x1); stop pivot 6.0486667 -0.25%",,,
93,TEST,BNB/USDT,base+ml,2024-02-16T16:00:00Z,2024-02-16T20:00:00Z,2024-02-18T08:00:00Z,3.563915,3.409798,3.896965,pivot,2.1610,2.0000,0.5000,0.5000,315.99861720,1126.1923,51.4428,3.408093,SL,2.2031,-51.4428,-1.0000,36.00,4.041827,0.936177,20.000000,63.704710,2.035305,0.4067,"reserved 0.5% (cap 0.5%, R6 0.5%, guard x1); stop pivot 3.4321066 -0.65%",,,
94,TEST,BNB/USDT,base+ml,2024-04-01T12:00:00Z,2024-04-01T16:00:00Z,2024-04-02T00:00:00Z,3.121216,3.003592,3.378213,pivot,2.1849,2.0000,0.5000,0.5000,408.67113650,1275.5509,51.1856,3.002090,SL,2.5024,-51.1856,-1.0000,8.00,4.359762,0.903634,16.000000,62.127961,2.703957,0.4599,"reserved 0.5% (cap 0.5%, R6 0.5%, guard x1); stop pivot 3.0232433 -0.65%",,,
95,TEST,ETH/USDT,base+ml,2024-04-20T12:00:00Z,2024-04-20T16:00:00Z,2024-04-22T04:00:00Z,5.947979,5.545464,6.794279,pivot,2.1025,2.0000,1.0000,1.0000,244.39665173,1453.6662,101.8593,6.794279,TP,3.1142,203.7186,2.0000,36.00,1.697112,0.422411,16.000000,65.925044,2.922456,0.5205,"reserved 1% (cap 1%, R6 1%, guard x1); stop pivot 5.5593626 -0.25%",,,
96,TEST,BNB/USDT,base+ml,2024-05-10T12:00:00Z,2024-05-10T16:00:00Z,2024-05-12T08:00:00Z,2.389197,2.292381,2.599470,pivot,2.1719,2.0000,0.5000,0.5000,506.10923270,1209.1945,51.9482,2.599470,TP,2.5248,103.8965,2.0000,40.00,0.454988,0.842836,16.000000,62.109601,3.516896,0.4791,"reserved 0.5% (cap 0.5%, R6 0.5%, guard x1); stop pivot 2.307379 -0.65%",,,
97,TEST,ETH/USDT,base+ml,2024-05-16T08:00:00Z,2024-05-16T12:00:00Z,2024-05-19T08:00:00Z,8.479444,8.068667,9.359995,pivot,2.1436,2.0000,1.0000,1.0000,243.26888798,2062.7850,104.9354,8.064633,SL,4.0247,-104.9354,-1.0000,68.00,20.370963,1.624478,12.000000,67.391657,1.772507,0.4177,"reserved 1% (cap 1%, R6 1%, guard x1); stop pivot 8.0888891 -0.25%",,,
98,TEST,BNB/USDT,base+ml,2024-05-21T12:00:00Z,2024-05-21T16:00:00Z,2024-05-25T16:00:00Z,2.522793,2.424673,2.736608,pivot,2.1791,2.0000,0.5000,0.5000,498.12064499,1256.6552,51.9430,2.736608,TP,2.6198,103.8861,2.0000,96.00,3.027917,0.442471,16.000000,57.462115,2.008995,0.3976,"reserved 0.5% (cap 0.5%, R6 0.5%, guard x1); stop pivot 2.4405369 -0.65%",,,
99,TEST,BNB/USDT,base+ml,2024-05-30T12:00:00Z,2024-05-30T16:00:00Z,2024-06-01T16:00:00Z,2.662184,2.603852,2.797442,pivot,2.3187,2.0000,0.5000,0.5000,808.36782691,2152.0241,52.4625,2.797442,TP,4.4134,104.9249,2.0000,48.00,5.151064,0.263991,16.000000,54.299869,3.120838,0.4573,"reserved 0.5% (cap 0.5%, R6 0.5%, guard x1); stop pivot 2.6208875 -0.65%",,,
100,TEST,BTC/USDT,base+ml,2024-07-12T20:00:00Z,2024-07-13T00:00:00Z,2024-07-14T08:00:00Z,1196.387566,1163.585092,1270.341609,pivot,2.2545,2.0000,1.0000,1.0000,2.96483882,3547.0963,105.9742,1163.003299,SL,6.9952,-105.9742,-1.0000,32.00,3.140945,0.575490,0.000000,62.992507,3.141262,0.3394,"reserved 1% (cap 1%, R6 1%, guard x1); stop pivot 1166.5013 -0.25%",,,
101,TEST,BTC/USDT,base+ml,2024-08-26T16:00:00Z,2024-08-26T20:00:00Z,2024-08-29T20:00:00Z,1027.066470,1011.407494,1065.564395,pivot,2.4585,2.0000,1.0000,1.0000,5.76369140,5919.6942,104.9144,1010.901791,SL,11.7462,-104.9144,-1.0000,72.00,2.523945,1.848547,20.000000,65.042447,2.496357,0.3737,"reserved 1% (cap 1%, R6 1%, guard x1); stop pivot 1013.9424 -0.25%",,,
102,TEST,BTC/USDT,base+ml,2024-09-04T12:00:00Z,2024-09-04T16:00:00Z,2024-09-05T04:00:00Z,1028.099635,1007.441676,1076.597767,pivot,2.3477,2.0000,1.0000,1.0000,4.47758596,4603.4045,103.8653,1076.597767,TP,9.4240,207.7306,2.0000,12.00,1.842925,0.247691,16.000000,52.959647,1.961567,0.3579,"reserved 1% (cap 1%, R6 1%, guard x1); stop pivot 1009.9666 -0.25%",,,
103,TEST,BNB/USDT,base+ml,2024-09-08T08:00:00Z,2024-09-08T12:00:00Z,2024-09-09T16:00:00Z,2.273921,2.214899,2.407836,pivot,2.2689,2.0000,0.5000,0.5000,819.77987144,1864.1145,52.9713,2.407836,TP,3.8380,105.9426,2.0000,28.00,13.348354,2.062245,12.000000,67.497449,4.655193,0.4962,"reserved 0.5% (cap 0.5%, R6 0.5%, guard x1); stop pivot 2.2293905 -0.65%",,,
104,TEST,BNB/USDT,base+ml,2024-09-12T16:00:00Z,2024-09-12T20:00:00Z,2024-09-21T04:00:00Z,2.554512,2.469518,2.742313,pivot,2.2096,2.0000,0.5000,0.5000,586.29988558,1497.7104,53.5010,2.468283,SL,2.9449,-53.5010,-1.0000,200.00,20.878622,2.058925,20.000000,67.526349,1.777228,0.4841,"reserved 0.5% (cap 0.5%, R6 0.5%, guard x1); stop pivot 2.4856749 -0.65%",,,
105,TEST,BTC/USDT,base+ml,2024-10-02T12:00:00Z,2024-10-02T16:00:00Z,2024-10-08T20:00:00Z,1253.502402,1195.604602,1378.022150,pivot,2.1507,2.0000,1.0000,1.0000,1.74696153,2189.8205,106.4670,1195.006800,SL,4.2775,-106.4670,-1.0000,148.00,7.360020,0.107305,16.000000,62.823652,1.531234,0.4777,"reserved 1% (cap 1%, R6 1%, guard x1); stop pivot 1198.6011 -0.25%",,,
106,TEST,BNB/USDT,base+ml,2024-10-16T12:00:00Z,2024-10-16T16:00:00Z,2024-10-21T04:00:00Z,2.451223,2.368960,2.632840,pivot,2.2078,2.0000,0.5000,0.5000,597.07112129,1463.5546,52.7012,2.367776,SL,2.8773,-52.7012,-1.0000,108.00,2.551168,0.592363,16.000000,61.589500,3.054468,0.4813,"reserved 0.5% (cap 0.5%, R6 0.5%, guard x1); stop pivot 2.3844595 -0.65%",,,
107,TEST,ETH/USDT,base+ml,2024-10-23T08:00:00Z,2024-10-23T12:00:00Z,2024-10-29T00:00:00Z,7.124240,6.509364,8.403290,pivot,2.0802,2.0000,1.0000,1.0000,166.00469661,1182.6573,104.8753,8.403290,TP,2.5776,209.7507,2.0000,132.00,12.025362,1.272681,12.000000,69.186902,2.070087,0.4104,"reserved 1% (cap 1%, R6 1%, guard x1); stop pivot 6.5256782 -0.25%",,,
108,TEST,BNB/USDT,base+ml,2024-11-02T08:00:00Z,2024-11-02T12:00:00Z,2024-11-10T12:00:00Z,2.542346,2.377253,2.890178,pivot,2.1069,2.0000,0.5000,0.5000,312.42148447,794.2835,53.4864,2.376065,SL,1.5366,-53.4864,-1.0000,192.00,4.786174,0.250256,12.000000,61.192730,1.970263,0.3442,"reserved 0.5% (cap 0.5%, R6 0.5%, guard x1); stop pivot 2.3928067 -0.65%",,,
109,TEST,BTC/USDT,base+ml,2024-11-22T16:00:00Z,2024-11-22T20:00:00Z,2024-11-25T12:00:00Z,1364.393757,1304.597966,1493.484495,pivot,2.1589,2.0000,1.0000,1.0000,1.68637515,2300.8797,106.4380,1493.484495,TP,4.8195,212.8760,2.0000,64.00,2.121625,0.059851,20.000000,60.142129,1.872437,0.4072,"reserved 1% (cap 1%, R6 1%, guard x1); stop pivot 1307.8676 -0.25%",,,
110,TEST,ETH/USDT,base+ml,2024-11-25T12:00:00Z,2024-11-25T16:00:00Z,2024-11-26T08:00:00Z,8.878207,8.492131,9.712175,pivot,2.1601,2.0000,1.0000,1.0000,266.29821925,2364.2508,108.5667,9.712175,TP,4.9506,217.1335,2.0000,16.00,8.620545,1.171867,16.000000,66.828903,2.890667,0.5311,"reserved 1% (cap 1%, R6 1%, guard x1); stop pivot 8.5134146 -0.25%",,,
111,TEST,ETH/USDT,base+ml,2024-12-05T04:00:00Z,2024-12-05T08:00:00Z,2024-12-05T16:00:00Z,11.578211,11.177088,12.461173,pivot,2.2012,2.0000,1.0000,1.0000,257.85329068,2985.4798,110.7381,11.171499,SL,5.8661,-110.7381,-1.0000,8.00,23.968439,1.038330,8.000000,67.468105,1.606479,0.3374,"reserved 1% (cap 1%, R6 1%, guard x1); stop pivot 11.2051 -0.25%",,,
112,TEST,ETH/USDT,base+ml,2024-12-07T16:00:00Z,2024-12-07T20:00:00Z,2024-12-10T08:00:00Z,11.569514,11.248685,12.291907,pivot,2.2516,2.0000,1.0000,1.0000,313.88881623,3631.5410,109.6307,11.243060,SL,7.1606,-109.6307,-1.0000,60.00,19.980715,0.732564,20.000000,57.240305,1.969439,0.4783,"reserved 1% (cap 1%, R6 1%, guard x1); stop pivot 11.276877 -0.25%",,,
113,TEST,ETH/USDT,base+ml,2024-12-14T20:00:00Z,2024-12-15T00:00:00Z,2024-12-21T00:00:00Z,11.568270,10.850560,13.084020,pivot,2.1119,2.0000,1.0000,1.0000,145.57646951,1684.0679,108.5344,13.084020,TP,3.5888,217.0688,2.0000,144.00,12.847119,0.722384,0.000000,60.847128,4.298244,0.4447,"reserved 1% (cap 1%, R6 1%, guard x1); stop pivot 10.877754 -0.25%",,,
