trade_id,pair,variant,signal_ts,signal_time_utc,entry_ts,entry_time_utc,entry_price,stop,target,qty,risk_amount,risk_pct,stop_method,exit_ts,exit_time_utc,exit_price,exit_reason,fees,pnl,r_multiple,ml_prob,notes,f_dist_regime_pct,f_ema_gap_pct,f_hour_utc,f_rsi,f_vol_ratio
1,BNB/USDT,rr2_vol2_rsi55-70,1555732800000,2019-04-20T04:00:00Z,1555747200000,2019-04-20T08:00:00Z,5.521610927399899,5.322884938517191,5.9190629051653145,251.6027233333384,50.0,0.5,pivot,1556006400000,2019-04-23T08:00:00Z,5.9190629051653145,TP,2.8785046930418696,97.12149530695812,1.9424299061391626,,"reserved 0.5% (cap 0.5%, R6 0.5%, guard x1); stop pivot 5.3577101 -0.65%",8.04389160951078,0.04844844324860266,8.0,58.94572578709939,2.4094618586609333
2,BNB/USDT,rr2_vol2_rsi55-70,1557216000000,2019-05-07T08:00:00Z,1557230400000,2019-05-07T12:00:00Z,5.266951987044667,4.897291628372068,6.006272704389865,136.57295485461813,50.48560747653479,0.5,pivot,1558843200000,2019-05-26T04:00:00Z,4.894842982557883,SL,1.3878263656254146,-52.207852636395906,-1.0341135869398344,,"reserved 0.5% (cap 0.5%, R6 0.5%, guard x1); stop pivot 4.9293323 -0.65%",0.9084119572532576,0.35252578764601533,12.0,62.94934864309997,2.3545495845239
3,ETH/USDT,rr2_vol2_rsi55-70,1562284800000,2019-07-05T00:00:00Z,1562299200000,2019-07-05T04:00:00Z,90.67955731352147,85.6805917952133,100.6774883501378,20.093984657189885,100.4491364267056,1.0,pivot,1562515200000,2019-07-07T16:00:00Z,100.6774883501378,TP,3.8451255396107538,197.05314731380045,1.9617206710142658,,"reserved 1% (cap 1%, R6 1%, guard x1); stop pivot 85.89533 -0.25%",1.3160004302359496,1.7926817775963757,4.0,69.94416523439423,3.2916609105545733
4,ETH/USDT,rr2_vol2_rsi55-70,1564070400000,2019-07-25T16:00:00Z,1564084800000,2019-07-25T20:00:00Z,94.00795008968686,87.90824500901033,106.20736025103992,16.790921289670624,102.4196678998436,1.0,pivot,1564560000000,2019-07-31T08:00:00Z,106.20736025103992,TP,3.3617995169181203,201.47753628276908,1.9671762310320549,,"reserved 1% (cap 1%, R6 1%, guard x1); stop pivot 88.128566 -0.25%",0.5148918926016042,1.2794840019592009,20.0,65.35772462322106,2.208586974881782
5,BNB/USDT,rr2_vol2_rsi55-70,1564718400000,2019-08-02T04:00:00Z,1564732800000,2019-08-02T08:00:00Z,3.688053073788483,3.5940609414011297,3.876037338563189,555.5488561121483,52.217221631335654,0.5,pivot,1564732800000,2019-08-02T08:00:00Z,3.5922639109304293,SL,4.044571772994437,-57.260131626726405,-1.096575609307495,,"reserved 0.5% (cap 0.5%, R6 0.5%, guard x1); stop pivot 3.6175752 -0.65%",0.4166158977828474,0.5004084131943862,8.0,56.53188266130076,3.178912584410388
6,BNB/USDT,rr2_vol2_rsi55-70,1564891200000,2019-08-04T04:00:00Z,1564905600000,2019-08-04T08:00:00Z,3.7233657470799275,3.569048987649327,4.031999265941128,336.5215882242299,51.93092097320202,0.5,pivot,1565078400000,2019-08-06T08:00:00Z,4.031999265941128,TP,2.609847751440471,101.25199419496343,1.949743857753122,,"reserved 0.5% (cap 0.5%, R6 0.5%, guard x1); stop pivot 3.5923996 -0.65%",1.4951902668390662,0.16789840965461955,8.0,60.431046082561586,2.3738467058511596
7,ETH/USDT,rr2_vol2_rsi55-70,1565265600000,2019-08-08T12:00:00Z,1565280000000,2019-08-08T16:00:00Z,112.53519858585429,106.92767701361295,123.75024173033697,18.70244466066943,104.87436188835366,0.9999999999999999,pivot,1566302400000,2019-08-20T12:00:00Z,106.87421317510615,SL,4.103492381489394,-109.97775875086346,-1.0486620063342338,,"reserved 1% (cap 1%, R6 1%, guard x1); stop pivot 107.19567 -0.25%",12.68058555440024,1.4337632348288463,16.0,66.25171119917636,2.3599013471963577
8,BTC/USDT,rr2_vol2_rsi55-70,1566748800000,2019-08-25T16:00:00Z,1566763200000,2019-08-25T20:00:00Z,1625.655462679008,1540.323940137016,1796.3185077629919,1.2161342164002429,103.77458430084504,1.0,pivot,1567540800000,2019-09-03T20:00:00Z,1539.5537781669477,SL,3.8493192598590045,-108.56052388467435,-1.046118610024539,,"reserved 1% (cap 1%, R6 1%, guard x1); stop pivot 1544.1844 -0.25%",3.696296619775688,0.5181923922528215,20.0,66.10594910636331,2.026112098756234
9,BNB/USDT,rr2_vol2_rsi55-70,1567929600000,2019-09-08T08:00:00Z,1567944000000,2019-09-08T12:00:00Z,4.306851138789967,4.083052809106475,4.754447798156952,229.4230238608718,51.34448953099914,0.49999999999999994,pivot,1569355200000,2019-09-24T20:00:00Z,4.081011282701922,SL,1.9243687604676438,-53.73723145249115,-1.0466017277286863,,"reserved 0.5% (cap 0.5%, R6 0.5%, guard x1); stop pivot 4.1097663 -0.65%",2.276013769216837,0.2969845810395541,12.0,59.62164745296487,2.4948812311438124
10,ETH/USDT,rr2_vol2_rsi55-70,1569859200000,2019-09-30T16:00:00Z,1569873600000,2019-09-30T20:00:00Z,97.6555914334542,90.871796863196,111.22318057397062,15.058181035630215,102.15160674747338,1.0,pivot,1570579200000,2019-10-09T00:00:00Z,111.22318057397062,TP,3.145334363387932,201.15787913155881,1.9692091542802312,,"reserved 1% (cap 1%, R6 1%, guard x1); stop pivot 91.099546 -0.25%",0.43179866594472627,0.2427603580555487,20.0,62.3806369562297,3.061647159266062
11,BNB/USDT,rr2_vol2_rsi55-70,1570593600000,2019-10-09T04:00:00Z,1570608000000,2019-10-09T08:00:00Z,4.64379672705332,4.343716320325793,5.243957540508373,173.55879158309935,52.08159276939448,0.5,pivot,1571270400000,2019-10-17T00:00:00Z,4.34154446216563,SL,1.55948495876269,-54.01802280592497,-1.0371806992367643,,"reserved 0.5% (cap 0.5%, R6 0.5%, guard x1); stop pivot 4.3721352 -0.65%",6.822467302202952,0.8901612028502365,8.0,69.79520846998604,3.9530815962303376
12,ETH/USDT,rr2_vol2_rsi55-70,1571486400000,2019-10-19T12:00:00Z,1571500800000,2019-10-19T16:00:00Z,103.31524483277516,97.8092583798342,114.32721773865708,18.820061799349446,103.62300531072971,1.0,pivot,1572192000000,2019-10-27T16:00:00Z,97.7603537506443,SL,3.784255191681136,-108.32764864603914,-1.045401533387319,,"reserved 1% (cap 1%, R6 1%, guard x1); stop pivot 98.054394 -0.25%",3.6033755538679944,1.8993917315467872,16.0,68.24242972254683,2.5450787738478997
13,BTC/USDT,rr2_vol2_rsi55-70,1573372800000,2019-11-10T08:00:00Z,1573387200000,2019-11-10T12:00:00Z,1426.018696843914,1396.6255764651833,1484.8049376013757,3.48856220445612,102.53972882426932,1.0,pivot,1573488000000,2019-11-11T16:00:00Z,1484.8049376013757,TP,10.154589314963436,194.9248683335752,1.900969220112078,,"reserved 1% (cap 1%, R6 1%, guard x1); stop pivot 1400.1259 -0.25%",2.252917806222642,0.32046597684291495,12.0,55.64881904791481,2.3174618326026675
14,BTC/USDT,rr2_vol2_rsi55-70,1575331200000,2019-12-03T00:00:00Z,1575345600000,2019-12-03T04:00:00Z,2162.4408635645723,2084.1641492180265,2318.994292257664,1.3348666762507773,104.48897750760507,1.0,pivot,1575662400000,2019-12-06T20:00:00Z,2083.1220671434176,SL,5.667260478127684,-111.54727862104654,-1.067550676461809,,"reserved 1% (cap 1%, R6 1%, guard x1); stop pivot 2089.3876 -0.25%",21.33770138290058,0.9198958412235975,4.0,62.881196014184496,2.7450629109346143
15,BNB/USDT,rr2_vol2_rsi55-70,1576713600000,2019-12-19T00:00:00Z,1576728000000,2019-12-19T04:00:00Z,4.137443689817692,4.021893950027934,4.368543169397208,447.311715757569,51.6867523606973,0.5,pivot,1577275200000,2019-12-25T12:00:00Z,4.368543169397208,TP,3.804827576206753,99.56867714518785,1.926386793473603,,"reserved 0.5% (cap 0.5%, R6 0.5%, guard x1); stop pivot 4.0482073 -0.65%",2.3378433876952305,1.6391274054656642,4.0,60.93127854279451,2.07789941361791
16,ETH/USDT,rr2_vol2_rsi55-70,1579420800000,2020-01-19T08:00:00Z,1579435200000,2020-01-19T12:00:00Z,113.6241993744059,105.59859539826056,129.6754073266966,13.0045279835717,104.36919149284648,1.0,pivot,1579953600000,2020-01-25T12:00:00Z,105.54579610056143,SL,2.8502023393134954,-107.90602377660117,-1.0338877041506747,,"reserved 1% (cap 1%, R6 1%, guard x1); stop pivot 105.86325 -0.25%",9.014520806922839,1.463892150227228,12.0,65.57685965245224,3.0728229748437954
17,BNB/USDT,rr2_vol2_rsi55-70,1582790400000,2020-02-27T08:00:00Z,1582804800000,2020-02-27T12:00:00Z,3.678177550641919,3.525528073951125,3.9834765040235065,338.3245507755804,51.645065627540234,0.5,pivot,1582992000000,2020-02-29T16:00:00Z,3.9834765040235065,TP,2.5921256662425844,100.69800558883789,1.9498088416628847,,"reserved 0.5% (cap 0.5%, R6 0.5%, guard x1); stop pivot 3.5485939 -0.65%",1.660843481913851,1.067341530750732,12.0,65.50270217424209,3.804689405831804
18,BTC/USDT,rr2_vol2_rsi55-70,1583884800000,2020-03-11T00:00:00Z,1583899200000,2020-03-11T04:00:00Z,1367.0761447075515,1321.663529890102,1457.9013743424507,2.2966550534520893,104.29711131096884,1.0,pivot,1584187200000,2020-03-14T12:00:00Z,1457.9013743424507,TP,6.487998895014734,202.10622372692296,1.937793110341567,,"reserved 1% (cap 1%, R6 1%, guard x1); stop pivot 1324.976 -0.25%",3.8507899651620803,0.3135062018310639,4.0,58.35438319351948,2.323385905252828
19,ETH/USDT,rr2_vol2_rsi55-70,1585281600000,2020-03-27T04:00:00Z,1585296000000,2020-03-27T08:00:00Z,106.06734703500251,104.68854223889161,108.82495662722431,77.10893800784748,106.31817354823808,1.0,pivot,1585296000000,2020-03-27T08:00:00Z,104.63619796777218,SL,16.24712658965266,-126.60151129470543,-1.1907795917624988,,"reserved 1% (cap 1%, R6 1%, guard x1); stop pivot 104.95092 -0.25%",12.631559699361217,0.5803497733234606,8.0,56.02372942358512,2.074340239052988
20,BTC/USDT,rr2_vol2_rsi55-70,1586649600000,2020-04-12T00:00:00Z,1586664000000,2020-04-12T04:00:00Z,1484.7476181173338,1457.5687662327575,1539.1053218864863,3.8652169297448182,105.05215843529102,1.0,pivot,1586764800000,2020-04-13T08:00:00Z,1539.1053218864863,TP,11.687847576761408,198.41646929382063,1.8887424327986486,,"reserved 1% (cap 1%, R6 1%, guard x1); stop pivot 1461.2218 -0.25%",5.439996752669277,1.282888055325338,4.0,63.2817011790203,3.7471812762954424
21,BNB/USDT,rr2_vol2_rsi55-70,1589587200000,2020-05-16T00:00:00Z,1589601600000,2020-05-16T04:00:00Z,3.08070807140715,2.9491720396681544,3.343780134885141,406.8707323504307,53.518161564114614,0.5,pivot,1590120000000,2020-05-22T04:00:00Z,3.343780134885141,TP,2.6139362214708495,104.42238690675838,1.951157959371617,,"reserved 0.5% (cap 0.5%, R6 0.5%, guard x1); stop pivot 2.9684671 -0.65%",7.039232937489574,1.1957651145626678,4.0,60.38803397526474,3.3260604904938007
22,BTC/USDT,rr2_vol2_rsi55-70,1590609600000,2020-05-27T20:00:00Z,1590624000000,2020-05-28T00:00:00Z,1558.1682192459677,1494.6246119086352,1685.2554339206329,1.7008878080139829,108.08054699729682,1.0,pivot,1590667200000,2020-05-28T12:00:00Z,1493.877299602681,SL,5.191187012513377,-114.54282839978653,-1.0597913461952717,,"reserved 1% (cap 1%, R6 1%, guard x1); stop pivot 1498.3705 -0.25%",11.42005035094365,1.276159675667415,0.0,66.79202960776283,2.451193357735852
23,BNB/USDT,rr2_vol2_rsi55-70,1593792000000,2020-07-03T16:00:00Z,1593806400000,2020-07-03T20:00:00Z,3.269471090332729,3.208914054827375,3.390585161343437,882.9289431105377,53.46755935664948,0.5,pivot,1593864000000,2020-07-04T12:00:00Z,3.390585161343437,TP,5.880356427349167,101.05476228594979,1.8900201075548466,,"reserved 0.5% (cap 0.5%, R6 0.5%, guard x1); stop pivot 3.2299085 -0.65%",5.191258649686377,1.4518425075221715,20.0,63.696208951173766,3.25374330118203
24,ETH/USDT,rr2_vol2_rsi55-70,1596513600000,2020-08-04T04:00:00Z,1596528000000,2020-08-04T08:00:00Z,73.23804610543999,70.2339463547968,79.24624560672638,35.93278362778958,107.94566633615847,1.0,pivot,1596628800000,2020-08-05T12:00:00Z,79.24624560672638,TP,5.479185060730021,210.4121476115869,1.9492412688095597,,"reserved 1% (cap 1%, R6 1%, guard x1); stop pivot 70.409971 -0.25%",9.0956863584019,1.3205211652055797,8.0,66.16407487558047,4.335201918869568
25,BNB/USDT,rr2_vol2_rsi55-70,1597032000000,2020-08-10T04:00:00Z,1597046400000,2020-08-10T08:00:00Z,3.5621864935087975,3.4970587249930847,3.692442030540223,844.8760822023529,55.024893906137166,0.5,pivot,1597118400000,2020-08-11T04:00:00Z,3.692442030540223,TP,6.129262125231975,103.92052568704236,1.8886092877218914,,"reserved 0.5% (cap 0.5%, R6 0.5%, guard x1); stop pivot 3.5199383 -0.65%",9.011203782254091,0.8924971924110742,8.0,56.95031375571261,3.084585613021862
26,BNB/USDT,rr2_vol2_rsi55-70,1598644800000,2020-08-28T20:00:00Z,1598659200000,2020-08-29T00:00:00Z,3.5383767466597362,3.3798090049544487,3.8555122300703113,350.28875316775867,55.544496534572374,0.49999999999999994,pivot,1598803200000,2020-08-30T16:00:00Z,3.8555122300703113,TP,2.5899961507196037,108.49899691842515,1.95337078716507,,"reserved 0.5% (cap 0.5%, R6 0.5%, guard x1); stop pivot 3.4019215 -0.65%",2.2903481867659794,0.6246935632519325,0.0,63.43142313203197,2.9423293529168397
27,BNB/USDT,rr2_vol2_rsi55-70,1599868800000,2020-09-12T00:00:00Z,1599883200000,2020-09-12T04:00:00Z,4.073769021185064,3.8787758171440476,4.4637554292670965,287.63562194386407,56.086991519164506,0.5,pivot,1600617600000,2020-09-20T16:00:00Z,3.876836429235476,SL,2.2868773435619874,-58.931705909998904,-1.0507196822967833,,"reserved 0.5% (cap 0.5%, R6 0.5%, guard x1); stop pivot 3.9041528 -0.65%",8.795733765479017,1.0428867992345843,4.0,65.69413241571786,4.016473584457404
28,BTC/USDT,rr2_vol2_rsi55-70,1600848000000,2020-09-23T08:00:00Z,1600862400000,2020-09-23T12:00:00Z,1222.039750709718,1147.6313965233107,1370.8564590825324,1.49962550844342,111.58466597922902,1.0,pivot,1601020800000,2020-09-25T08:00:00Z,1147.0575808250492,SL,3.552758790354775,-115.99793342784211,-1.0395508415953372,,"reserved 1% (cap 1%, R6 1%, guard x1); stop pivot 1150.5077 -0.25%",6.283849244253835,1.0099199573021178,12.0,63.37057663567936,4.185229358071498
29,BNB/USDT,rr2_vol2_rsi55-70,1601193600000,2020-09-27T08:00:00Z,1601208000000,2020-09-27T12:00:00Z,3.896027656766849,3.6390813973232348,4.409920175654078,214.87895345132046,55.2123433224753,0.5,pivot,1601740800000,2020-10-03T16:00:00Z,3.637261856624573,SL,1.618745366683356,-57.22206969024915,-1.0363999469472933,,"reserved 0.5% (cap 0.5%, R6 0.5%, guard x1); stop pivot 3.6628902 -0.65%",1.1298891381389928,1.2213470336272263,12.0,67.66969672429457,3.9600557020243285
30,BNB/USDT,rr2_vol2_rsi55-70,1606723200000,2020-11-30T08:00:00Z,1606737600000,2020-11-30T12:00:00Z,3.6811836259667645,3.343188179844434,4.357174518211425,162.50583729505232,54.92623297402405,0.5,pivot,1607083200000,2020-12-04T12:00:00Z,3.341516585754512,SL,1.1412297779779075,-56.339106549202214,-1.0257231107737963,,"reserved 0.5% (cap 0.5%, R6 0.5%, guard x1); stop pivot 3.3650611 -0.65%",10.288001754993982,1.7616571721618286,12.0,64.40265439647689,3.710790229670281
31,BNB/USDT,rr2_vol2_rsi55-70,1609228800000,2020-12-29T08:00:00Z,1609243200000,2020-12-29T12:00:00Z,3.252755471852044,3.0718601510240093,3.614546113508114,302.07822508148223,54.64453744127805,0.5,pivot,1609430400000,2020-12-31T16:00:00Z,3.614546113508114,TP,2.0744622740048455,107.21461260855125,1.9620371519068287,,"reserved 0.5% (cap 0.5%, R6 0.5%, guard x1); stop pivot 3.0919579 -0.65%",4.026919645817608,0.8681506701439122,12.0,62.84618362061941,2.7071785689017296
32,ETH/USDT,rr2_vol2_rsi55-70,1610841600000,2021-01-17T00:00:00Z,1610856000000,2021-01-17T04:00:00Z,37.60878561750125,36.92802445688666,38.97030793873042,162.1144498152747,110.3612210086416,1.0,pivot,1610870400000,2021-01-17T08:00:00Z,38.97030793873042,TP,12.414577619220946,208.30786439806226,1.8875096025056768,,"reserved 1% (cap 1%, R6 1%, guard x1); stop pivot 37.020576 -0.25%",5.961405030805575,0.3892195306865284,4.0,56.30895889851688,2.0209616188947312
33,ETH/USDT,rr2_vol2_rsi55-70,1610985600000,2021-01-18T16:00:00Z,1611000000000,2021-01-18T20:00:00Z,39.272370585001035,36.92802445688666,43.96106284122978,47.964034962305014,112.44429965262222,0.9999999999999999,pivot,1611547200000,2021-01-25T04:00:00Z,36.90956044465822,SL,3.6539928034024856,-116.98390098409413,-1.0403720005860346,,"reserved 1% (cap 1%, R6 1%, guard x1); stop pivot 37.020576 -0.25%",9.58776357739264,1.5520812638269015,20.0,68.3388913801633,3.147743414721217
34,ETH/USDT,rr2_vol2_rsi55-70,1612051200000,2021-01-31T00:00:00Z,1612065600000,2021-01-31T04:00:00Z,38.76344580924904,37.20811314170866,41.87411114432981,71.54383301081927,111.2744606427813,1.0000000000000002,pivot,1612209600000,2021-02-01T20:00:00Z,41.87411114432981,TP,5.769119909087275,216.77980137647535,1.948154141788136,,"reserved 1% (cap 1%, R6 1%, guard x1); stop pivot 37.301367 -0.25%",4.585335710355354,0.4665755506350561,4.0,61.92691085619416,2.0641163912467726
35,BTC/USDT,rr2_vol2_rsi55-70,1613462400000,2021-02-16T08:00:00Z,1613476800000,2021-02-16T12:00:00Z,728.6919777523736,718.4089379635877,749.2580573299455,11.031977021061376,113.44225865654603,1.0,pivot,1613520000000,2021-02-17T00:00:00Z,749.2580573299455,TP,16.304710825305,210.57980648778707,1.856273041295232,,"reserved 1% (cap 1%, R6 1%, guard x1); stop pivot 720.20946 -0.25%",9.441265072356547,0.159211432908007,12.0,56.81189610528333,4.546577587523196
36,BTC/USDT,rr2_vol2_rsi55-70,1613793600000,2021-02-20T04:00:00Z,1613808000000,2021-02-20T08:00:00Z,764.6304731848873,741.2495545639468,811.3923104267681,4.9419810485092235,115.54805672142389,0.9999999999999999,pivot,1613937600000,2021-02-21T20:00:00Z,740.8789297866649,SL,7.440198937837846,-124.819876284697,-1.0802421072785902,,"reserved 1% (cap 1%, R6 1%, guard x1); stop pivot 743.10732 -0.25%",11.680619014799385,0.597181835883578,8.0,60.04851120070693,2.2296533427292635
37,BTC/USDT,rr2_vol2_rsi55-70,1614830400000,2021-03-04T04:00:00Z,1614844800000,2021-03-04T08:00:00Z,726.0963216650241,674.4293611002875,829.4302427944974,2.2122427313169264,114.29985795857695,1.0,pivot,1615996800000,2021-03-17T16:00:00Z,674.0921464197373,SL,3.097556760994296,-118.1434154455116,-1.0336269664335678,,"reserved 1% (cap 1%, R6 1%, guard x1); stop pivot 676.11966 -0.25%",2.343402130399112,0.4576997342497255,8.0,60.63088288510144,2.56239401078502
38,BTC/USDT,rr2_vol2_rsi55-70,1617336000000,2021-04-02T04:00:00Z,1617350400000,2021-04-02T08:00:00Z,763.9569838455183,707.7637318797644,876.3434877770261,2.0130250492187223,113.11842380412183,1.0,pivot,1619337600000,2021-04-25T08:00:00Z,707.4098500138246,SL,2.961898293148499,-116.7926951578714,-1.032481634999724,,"reserved 1% (cap 1%, R6 1%, guard x1); stop pivot 709.53758 -0.25%",7.819225135803322,1.7286989901704481,8.0,69.46108934846849,2.0109562184832304
39,BNB/USDT,rr2_vol2_rsi55-70,1621425600000,2021-05-19T12:00:00Z,1621440000000,2021-05-19T16:00:00Z,3.1912139339739163,3.072774250960478,3.4280933000007927,472.6055237746675,55.975248426271556,0.5,pivot,1621728000000,2021-05-23T00:00:00Z,3.071237863834998,SL,2.9596693120170903,-59.66102278044672,-1.0658465028347293,,"reserved 0.5% (cap 0.5%, R6 0.5%, guard x1); stop pivot 3.092878 -0.65%",2.083455224303293,1.1421558998050518,16.0,63.5779757103193,4.676820069978814
40,ETH/USDT,rr2_vol2_rsi55-70,1623859200000,2021-06-16T16:00:00Z,1623873600000,2021-06-16T20:00:00Z,24.841706688040553,22.431794661818056,29.661530740485546,46.20661891931562,111.35388662473865,1.0,pivot,1624536000000,2021-06-24T12:00:00Z,22.42057876448715,SL,2.183830413160862,-114.05596573170688,-1.0242656919203386,,"reserved 1% (cap 1%, R6 1%, guard x1); stop pivot 22.488015 -0.25%",3.5703297174315076,1.642841420717317,20.0,69.46241225599839,2.476122624552083
41,BNB/USDT,rr2_vol2_rsi55-70,1624608000000,2021-06-25T08:00:00Z,1624622400000,2021-06-25T12:00:00Z,4.289796370197393,4.067363218259948,4.734662674072282,247.74483031741863,55.10666348371079,0.5,pivot,1624910400000,2021-06-28T20:00:00Z,4.065329536650818,SL,2.0699392500727787,-57.68043683895713,-1.0467053019097614,,"reserved 0.5% (cap 0.5%, R6 0.5%, guard x1); stop pivot 4.093974 -0.65%",10.439542341115397,0.7982075931360075,12.0,67.05070054621476,2.3207451737350335
42,BTC/USDT,rr2_vol2_rsi55-70,1624982400000,2021-06-29T16:00:00Z,1624996800000,2021-06-29T20:00:00Z,846.9843555977803,805.4116079182588,930.1298509568234,2.6372209853484936,109.63652259903202,1.0,pivot,1625328000000,2021-07-03T16:00:00Z,805.0089021142998,SL,4.35667128689252,-115.05521808304702,-1.049424182339607,,"reserved 1% (cap 1%, R6 1%, guard x1); stop pivot 807.43018 -0.25%",17.35840144329968,1.0661346927031654,20.0,68.83000205021703,2.853364772018114
43,BNB/USDT,rr2_vol2_rsi55-70,1625731200000,2021-07-08T08:00:00Z,1625745600000,2021-07-08T12:00:00Z,4.254869773279187,4.012519698850823,4.739569922135915,223.82079038780904,54.24298520910077,0.5,pivot,1626552000000,2021-07-17T20:00:00Z,4.0105134390013975,SL,1.8499646034307684,-56.54199247775323,-1.042383494562293,,"reserved 0.5% (cap 0.5%, R6 0.5%, guard x1); stop pivot 4.0387717 -0.65%",6.294637100303505,1.8836068617691988,12.0,66.5246891043872,2.860476755259459
44,BNB/USDT,rr2_vol2_rsi55-70,1628496000000,2021-08-09T08:00:00Z,1628510400000,2021-08-09T12:00:00Z,4.478515907321685,4.368031579335559,4.699484563293937,488.39755131142323,53.96027524671201,0.5,pivot,1628827200000,2021-08-13T04:00:00Z,4.365847563545891,SL,4.319565462079925,-59.346508672491254,-1.0998184942747757,,"reserved 0.5% (cap 0.5%, R6 0.5%, guard x1); stop pivot 4.3966095 -0.65%",12.3921970847492,1.5825479120925972,12.0,65.033620855387,3.5536311214518874
45,BTC/USDT,rr2_vol2_rsi55-70,1629648000000,2021-08-22T16:00:00Z,1629662400000,2021-08-22T20:00:00Z,790.9648321933489,746.427294897684,880.0399067846788,2.409811855877935,107.3270854066991,1.0,pivot,1630742400000,2021-09-04T08:00:00Z,746.0540812502352,SL,3.703926400324971,-111.93038647942159,-1.0428903948642507,,"reserved 1% (cap 1%, R6 1%, guard x1); stop pivot 748.29804 -0.25%",4.7140104594350785,0.5004085289659882,20.0,68.60681971167236,3.205213728306309
46,BNB/USDT,rr2_vol2_rsi55-70,1630800000000,2021-09-05T00:00:00Z,1630814400000,2021-09-05T04:00:00Z,4.427762848259665,4.307065917893766,4.669156708991462,439.97714448880663,53.10389077095244,0.5,pivot,1630900800000,2021-09-06T04:00:00Z,4.669156708991462,TP,4.00243669044373,102.20534485146115,1.9246300669812118,,"reserved 0.5% (cap 0.5%, R6 0.5%, guard x1); stop pivot 4.335245 -0.65%",4.923031732398138,0.9602117774813507,4.0,59.22722841308159,3.018197916418568
47,BNB/USDT,rr2_vol2_rsi55-70,1630944000000,2021-09-06T16:00:00Z,1630958400000,2021-09-06T20:00:00Z,4.666015575941582,4.307065917893766,5.383914892037215,149.36611943524298,53.61491749520974,0.49999999999999994,pivot,1631606400000,2021-09-14T08:00:00Z,4.304912384934819,SL,1.3399526972492253,-55.27653505361278,-1.0309917022356978,,"reserved 0.5% (cap 0.5%, R6 0.5%, guard x1); stop pivot 4.335245 -0.65%",9.642827043853297,2.076521939747284,20.0,68.85537988165419,2.1354701240922633
48,ETH/USDT,rr2_vol2_rsi55-70,1632427200000,2021-09-23T20:00:00Z,1632441600000,2021-09-24T00:00:00Z,17.48660694932156,17.10239460063465,18.255031646695375,277.6513300638696,106.67706963988337,1.0,pivot,1632585600000,2021-09-25T16:00:00Z,18.255031646695375,TP,9.92371349484624,203.4304257849205,1.9069742585885947,,"reserved 1% (cap 1%, R6 1%, guard x1); stop pivot 17.145258 -0.25%",9.583893984499616,0.6503211661054833,0.0,61.25955853708522,2.038518924993883
49,ETH/USDT,rr2_vol2_rsi55-70,1633550400000,2021-10-06T20:00:00Z,1633564800000,2021-10-07T00:00:00Z,21.691742696677466,21.044596560783127,22.986034968466143,167.98581938142357,108.71137389773257,1.0,pivot,1633910400000,2021-10-11T00:00:00Z,21.034074262502738,SL,7.177331370628609,-117.65630216676803,-1.082281438899394,,"reserved 1% (cap 1%, R6 1%, guard x1); stop pivot 21.09734 -0.25%",16.584243687310128,0.3349282886443035,0.0,56.793716479532826,4.291437410315343
50,BTC/USDT,rr2_vol2_rsi55-70,1634083200000,2021-10-13T00:00:00Z,1634097600000,2021-10-13T04:00:00Z,907.3186754642365,888.9725263816454,944.0109736294189,5.861437754155481,107.5348108760649,1.0,pivot,1634313600000,2021-10-15T16:00:00Z,944.0109736294189,TP,10.85145350058497,204.21816825154482,1.8990889237431088,,"reserved 1% (cap 1%, R6 1%, guard x1); stop pivot 891.20053 -0.25%",17.815706277115,1.3915786190405253,4.0,69.03279030918829,3.5379267774684364
51,ETH/USDT,rr2_vol2_rsi55-70,1635091200000,2021-10-24T16:00:00Z,1635105600000,2021-10-24T20:00:00Z,21.216383061408777,19.757129757132297,24.134889669961737,75.09113889785591,109.57699255858036,1.0,pivot,1635566400000,2021-10-30T04:00:00Z,19.74725119225373,SL,3.07600594950274,-113.39479119549095,-1.034841243109219,,"reserved 1% (cap 1%, R6 1%, guard x1); stop pivot 19.806646 -0.25%",7.411144614641361,1.660017213222232,20.0,69.27831051469656,2.946682495942891
52,BTC/USDT,rr2_vol2_rsi55-70,1635912000000,2021-11-03T04:00:00Z,1635926400000,2021-11-03T08:00:00Z,940.8082333974053,914.77445749798,992.8757851962557,4.1654750761306065,108.44304464662542,0.9999999999999999,pivot,1636617600000,2021-11-11T08:00:00Z,914.3170702692311,SL,7.727478215522596,-118.07575796364237,-1.0888273964310602,,"reserved 1% (cap 1%, R6 1%, guard x1); stop pivot 917.06713 -0.25%",6.584183613911179,1.4741375648564237,8.0,66.1273963610596,2.754035989477231
53,BTC/USDT,rr2_vol2_rsi55-70,1637496000000,2021-11-21T12:00:00Z,1637510400000,2021-11-21T16:00:00Z,969.6038069556872,904.433428357652,1099.9445641517577,1.6458748495013782,107.26228706698902,1.0,pivot,1637812800000,2021-11-25T04:00:00Z,903.9812116434732,SL,3.08368646051493,-111.090265643895,-1.0356880193549787,,"reserved 1% (cap 1%, R6 1%, guard x1); stop pivot 906.70018 -0.25%",5.480390780463827,1.8989883044153004,16.0,68.84883841081499,3.492235414596236
54,BNB/USDT,rr2_vol2_rsi55-70,1638000000000,2021-11-27T08:00:00Z,1638014400000,2021-11-27T12:00:00Z,3.599714933251291,3.4060138245291727,3.9871171506955276,274.0082003423991,53.075692205275026,0.5,pivot,1638345600000,2021-12-01T08:00:00Z,3.9871171506955276,TP,2.0788542056222408,104.07253020492782,1.9608322733204857,,"reserved 0.5% (cap 0.5%, R6 0.5%, guard x1); stop pivot 3.4282978 -0.65%",8.982918762451794,0.7538895779298779,12.0,64.20014041303506,3.4721291783819503
55,BNB/USDT,rr2_vol2_rsi55-70,1639137600000,2021-12-10T12:00:00Z,1639152000000,2021-12-10T16:00:00Z,4.077053308003682,3.9171284029625495,4.396903118085948,335.1326351734566,53.59605485629968,0.5000000000000001,pivot,1639353600000,2021-12-13T00:00:00Z,4.396903118085948,TP,2.8398993474204643,104.35221036517889,1.9470129031878423,,"reserved 0.5% (cap 0.5%, R6 0.5%, guard x1); stop pivot 3.9427563 -0.65%",11.193999996003255,0.5246221223705145,16.0,56.72795837488706,2.236543791911085
56,ETH/USDT,rr2_vol2_rsi55-70,1640649600000,2021-12-28T00:00:00Z,1640664000000,2021-12-28T04:00:00Z,15.625541317495566,15.194671437606528,16.487281077273643,251.2025947233192,108.23563181625113,1.0,pivot,1640923200000,2021-12-31T04:00:00Z,15.187074101887726,SL,7.740208943560838,-117.88431120535935,-1.089145129262871,,"reserved 1% (cap 1%, R6 1%, guard x1); stop pivot 15.232753 -0.25%",1.4541089221898789,2.154879665327102,4.0,65.14904163504315,3.9223571171072678
57,BNB/USDT,rr2_vol2_rsi55-70,1641024000000,2022-01-01T08:00:00Z,1641038400000,2022-01-01T12:00:00Z,4.5478769256722735,4.309457238792148,5.024716299432525,224.51331537488414,53.528394352098765,0.5,pivot,1641312000000,2022-01-04T16:00:00Z,4.307302510172752,SL,1.9881056933810628,-56.000265311553555,-1.0461786868329233,,"reserved 0.5% (cap 0.5%, R6 0.5%, guard x1); stop pivot 4.337652 -0.65%",10.567034670878328,2.0586674085275933,12.0,69.58465542300505,2.0793728261653976
58,BNB/USDT,rr2_vol2_rsi55-70,1642320000000,2022-01-16T08:00:00Z,1642334400000,2022-01-16T12:00:00Z,4.685225401589294,4.51188828672298,5.031899631321922,307.19556551179926,53.248393025541,0.5,pivot,1642449600000,2022-01-17T20:00:00Z,5.031899631321922,TP,2.985057719634022,103.51172833144797,1.9439408862873622,,"reserved 0.5% (cap 0.5%, R6 0.5%, guard x1); stop pivot 4.5414074 -0.65%",7.239569277870869,0.37426778861808113,12.0,59.761434837281215,3.3396447924080945
59,BTC/USDT,rr2_vol2_rsi55-70,1644033600000,2022-02-05T04:00:00Z,1644048000000,2022-02-05T08:00:00Z,920.5698354034929,871.7186566499607,1018.2721929105572,2.20121409714441,107.5319033343965,1.0000000000000002,pivot,1646596800000,2022-03-06T20:00:00Z,1018.2721929105572,TP,4.2678064048609485,210.79600026393206,1.9603112539393155,,"reserved 1% (cap 1%, R6 1%, guard x1); stop pivot 873.90342 -0.25%",0.37685862281601273,0.7149876108370282,8.0,61.75284572969988,3.571451517812399
60,BTC/USDT,rr2_vol2_rsi55-70,1646899200000,2022-03-10T08:00:00Z,1646913600000,2022-03-10T12:00:00Z,1014.9671021539539,1000.4635506634677,1043.9742051349263,7.559518329628135,109.6398633370358,1.0,pivot,1646985600000,2022-03-11T08:00:00Z,1043.9742051349263,TP,15.564604552078805,203.7151221219928,1.8580388183791072,,"reserved 1% (cap 1%, R6 1%, guard x1); stop pivot 1002.971 -0.25%",5.402336720445224,0.7821458757410021,12.0,57.365089280583206,2.609753564288235
61,BTC/USDT,rr2_vol2_rsi55-70,1647014400000,2022-03-11T16:00:00Z,1647028800000,2022-03-11T20:00:00Z,1053.4123432599174,1001.4887616307851,1157.259506518182,2.1507956703741353,111.6770145582557,0.9999999999999999,pivot,1647144000000,2022-03-13T04:00:00Z,1000.9880172499697,SL,4.418595400599727,-117.17260880507733,-1.0492097166866408,,"reserved 1% (cap 1%, R6 1%, guard x1); stop pivot 1003.9988 -0.25%",8.703028053463873,1.4374008511937304,20.0,67.43130124598119,4.4555824322737765
62,BTC/USDT,rr2_vol2_rsi55-70,1647676800000,2022-03-19T08:00:00Z,1647691200000,2022-03-19T12:00:00Z,1054.0287338724431,1027.1084634215892,1107.8692747741509,4.104910040630735,110.50528847020496,1.0000000000000002,pivot,1647835200000,2022-03-21T04:00:00Z,1107.8692747741509,TP,8.874396842512995,212.13618009789693,1.9196925598279782,,"reserved 1% (cap 1%, R6 1%, guard x1); stop pivot 1029.6827 -0.25%",6.383261944451648,0.6420717308633995,12.0,60.15475016238859,2.008956498653197
63,ETH/USDT,rr2_vol2_rsi55-70,1648152000000,2022-03-24T20:00:00Z,1648166400000,2022-03-25T00:00:00Z,16.390667972784538,16.068587626041747,17.03482866627012,349.6849510073527,112.6266502711839,0.9999999999999999,pivot,1648238400000,2022-03-25T20:00:00Z,17.03482866627012,TP,11.68839315462426,213.56490738774355,1.8962200054207348,,"reserved 1% (cap 1%, R6 1%, guard x1); stop pivot 16.10886 -0.25%",9.35863112958649,1.484840324127012,0.0,61.9682339150705,2.3145927198436027
64,ETH/USDT,rr2_vol2_rsi55-70,1649260800000,2022-04-06T16:00:00Z,1649275200000,2022-04-06T20:00:00Z,17.842264198903035,16.77689443031246,19.973003736084184,107.72062689265674,114.76229934506135,1.0,pivot,1650124800000,2022-04-16T16:00:00Z,19.973003736084184,TP,4.073484368070604,225.4511143220521,1.9645050300375853,,"reserved 1% (cap 1%, R6 1%, guard x1); stop pivot 16.818942 -0.25%",8.443258155950804,0.8574210031099976,20.0,60.98919574324589,2.611361784779626
65,ETH/USDT,rr2_vol2_rsi55-70,1650312000000,2022-04-18T20:00:00Z,1650326400000,2022-04-19T00:00:00Z,19.941530206607176,19.55489307465212,20.714804470517286,302.65279978821206,117.01681048828186,1.0,pivot,1650470400000,2022-04-20T16:00:00Z,20.714804470517286,TP,12.304753519158293,221.72886745740544,1.8948462749256827,,"reserved 1% (cap 1%, R6 1%, guard x1); stop pivot 19.603903 -0.25%",13.267061849914255,1.283967714057796,0.0,62.02595402512249,2.0476972156910547
66,BNB/USDT,rr2_vol2_rsi55-70,1651089600000,2022-04-27T20:00:00Z,1651104000000,2022-04-28T00:00:00Z,5.51230999725088,5.371142569687995,5.79464485237665,422.3144857893705,59.617049581427956,0.5,pivot,1651204800000,2022-04-29T04:00:00Z,5.79464485237665,TP,4.77509082316408,114.45900833969183,1.9199039392809598,,"reserved 0.5% (cap 0.5%, R6 0.5%, guard x1); stop pivot 5.4062834 -0.65%",1.339821615772871,0.6729624655247699,0.0,57.32423241855805,2.196068616553251
67,ETH/USDT,rr2_vol2_rsi55-70,1652572800000,2022-05-15T00:00:00Z,1652587200000,2022-05-15T04:00:00Z,23.773774406336667,22.985803520324694,25.349716178360612,152.7704784316406,120.37868924625282,0.9999999999999999,pivot,1652630400000,2022-05-15T16:00:00Z,22.974310618564534,SL,7.141727315017171,-129.27619266173755,-1.073912612532967,,"reserved 1% (cap 1%, R6 1%, guard x1); stop pivot 23.043412 -0.25%",9.92332719136355,0.6272787612797125,4.0,57.94365393515383,5.018079514545175
68,ETH/USDT,rr2_vol2_rsi55-70,1653552000000,2022-05-26T08:00:00Z,1653566400000,2022-05-26T12:00:00Z,23.945118273982274,23.414565306597247,25.00622420875233,224.45624591750453,119.08592731963546,1.0,pivot,1653724800000,2022-05-28T08:00:00Z,25.00622420875233,TP,10.987434566296665,227.18442007297426,1.907735239472876,,"reserved 1% (cap 1%, R6 1%, guard x1); stop pivot 23.473248 -0.25%",7.598630361710165,1.8099049388807675,12.0,65.54100471843,2.5954938551747
69,ETH/USDT,rr2_vol2_rsi55-70,1653854400000,2022-05-29T20:00:00Z,1653868800000,2022-05-30T00:00:00Z,24.91931302637858,24.267156005859295,26.223627067417144,186.0867363257602,121.3577715203652,1.0,pivot,1653868800000,2022-05-30T00:00:00Z,24.255022427856368,SL,9.1506915956667,-132.76636104655074,-1.0940079022814873,,"reserved 1% (cap 1%, R6 1%, guard x1); stop pivot 24.327976 -0.25%",9.789098254425186,1.0093381728195518,0.0,62.47505229153754,2.263694299197547
70,BTC/USDT,rr2_vol2_rsi55-70,1655726400000,2022-06-20T12:00:00Z,1655740800000,2022-06-20T16:00:00Z,1360.869573494017,1321.0070550856933,1440.5946103106644,3.0111019750532417,120.03010790989968,1.0,pivot,1655870400000,2022-06-22T04:00:00Z,1440.5946103106644,TP,8.435494336895193,231.62472148290416,1.9297218465951285,,"reserved 1% (cap 1%, R6 1%, guard x1); stop pivot 1324.3178 -0.25%",3.16421552962865,0.11557052270128286,16.0,62.85892634549934,3.367812283955177
71,BTC/USDT,rr2_vol2_rsi55-70,1656489600000,2022-06-29T08:00:00Z,1656504000000,2022-06-29T12:00:00Z,1546.9583080224197,1489.9659294410537,1660.9430651851517,2.1467143181269264,122.34635512472872,1.0,pivot,1656734400000,2022-07-02T04:00:00Z,1660.9430651851517,TP,6.886447809003722,237.8062624404537,1.9437135025233634,,"reserved 1% (cap 1%, R6 1%, guard x1); stop pivot 1493.7002 -0.25%",11.059651240470982,0.30838566567502396,12.0,61.508633487972624,2.874949990931948
72,BNB/USDT,rr2_vol2_rsi55-70,1659499200000,2022-08-03T04:00:00Z,1659513600000,2022-08-03T08:00:00Z,6.870339820947494,6.445502714749553,7.720014033343377,146.79087105331772,62.36220887456664,0.5000000000000001,pivot,1659729600000,2022-08-05T20:00:00Z,6.442279963392179,SL,1.9541710541448514,-64.78945040764877,-1.0389216735084579,,"reserved 0.5% (cap 0.5%, R6 0.5%, guard x1); stop pivot 6.4876726 -0.65%",0.7626041886568377,2.518736452752741,8.0,67.80287987519492,3.987056504012387
73,BTC/USDT,rr2_vol2_rsi55-70,1663761600000,2022-09-21T12:00:00Z,1663776000000,2022-09-21T16:00:00Z,1315.0663667363058,1289.1540107290905,1366.8910787507364,4.7883150112057615,124.07652324505678,1.0,pivot,1663848000000,2022-09-22T12:00:00Z,1366.8910787507364,TP,12.842057095640662,235.3109893944729,1.8964988963280587,,"reserved 1% (cap 1%, R6 1%, guard x1); stop pivot 1292.385 -0.25%",4.7096324962529375,1.4876343744294807,16.0,64.39842606584529,3.19878517099626
74,BTC/USDT,rr2_vol2_rsi55-70,1664856000000,2022-10-04T04:00:00Z,1664870400000,2022-10-04T08:00:00Z,1580.573822212117,1527.4682634616663,1686.7849397130183,2.3807231505294846,126.42963313900152,1.0000000000000002,pivot,1665201600000,2022-10-08T04:00:00Z,1526.7045293299357,SL,7.397569506655259,-135.64544217391744,-1.0728927926634393,,"reserved 1% (cap 1%, R6 1%, guard x1); stop pivot 1531.2965 -0.25%",13.196979614987377,0.4837870836432809,8.0,58.600974887724476,2.279378752443851
75,BTC/USDT,rr2_vol2_rsi55-70,1666843200000,2022-10-27T04:00:00Z,1666857600000,2022-10-27T08:00:00Z,1482.1805679181261,1423.048215303119,1600.4452731481406,2.115139567193881,125.07317871726232,1.0,pivot,1667692800000,2022-11-06T00:00:00Z,1600.4452731481406,TP,6.520183887293577,243.62617354723108,1.9478690479112797,,"reserved 1% (cap 1%, R6 1%, guard x1); stop pivot 1426.6148 -0.25%",0.5787608864547403,0.6582101386628648,8.0,57.430638989471916,2.754598496482823
76,BTC/USDT,rr2_vol2_rsi55-70,1668240000000,2022-11-12T08:00:00Z,1668254400000,2022-11-12T12:00:00Z,1638.3377344705953,1610.4257785346144,1694.1616463425569,4.56827320683623,127.50944045273462,0.9999999999999999,pivot,1668297600000,2022-11-13T00:00:00Z,1609.6205656453471,SL,14.837560879341009,-146.0254337999146,-1.1452127252808666,,"reserved 1% (cap 1%, R6 1%, guard x1); stop pivot 1614.4619 -0.25%",6.576518879072066,0.6761185339663461,12.0,62.29870676050662,2.2356809906858772
77,BNB/USDT,rr2_vol2_rsi55-70,1668340800000,2022-11-13T12:00:00Z,1668355200000,2022-11-13T16:00:00Z,3.916965973452567,3.8682347918576805,4.0144283366423394,1293.3114074948128,63.02459305736774,0.49999999999999994,pivot,1668398400000,2022-11-14T04:00:00Z,3.866300674461752,SL,10.066187543321501,-75.59219669227762,-1.199407929908731,,"reserved 0.5% (cap 0.5%, R6 0.5%, guard x1); stop pivot 3.8935428 -0.65%",6.514439699037049,1.6198199792659782,16.0,69.56632140931387,2.948959692479232
78,BTC/USDT,rr2_vol2_rsi55-70,1668600000000,2022-11-16T12:00:00Z,1668614400000,2022-11-16T16:00:00Z,1651.2712871678075,1567.9705296384125,1817.8728022265975,1.5041071397651993,125.29326414781272,1.0,pivot,1669075200000,2022-11-22T00:00:00Z,1567.1865443735933,SL,4.8409054034546415,-131.31336738555262,-1.0480480996220018,,"reserved 1% (cap 1%, R6 1%, guard x1); stop pivot 1571.9003 -0.25%",6.30576116348556,0.6756488815957271,16.0,66.42037921434994,2.281471560751992
79,ETH/USDT,rr2_vol2_rsi55-70,1669377600000,2022-11-25T12:00:00Z,1669392000000,2022-11-25T16:00:00Z,8.610609086642652,8.400671137708065,9.030484984511828,590.5560719400319,123.98013047395719,1.0,pivot,1669507200000,2022-11-27T00:00:00Z,9.030484984511828,TP,10.418055219385575,237.5422057285288,1.9159699608351843,,"reserved 1% (cap 1%, R6 1%, guard x1); stop pivot 8.4217255 -0.25%",5.772363061618284,0.9753501687101863,16.0,62.929490924017216,2.109057330117104
80,BTC/USDT,rr2_vol2_rsi55-70,1669824000000,2022-11-30T16:00:00Z,1669838400000,2022-11-30T20:00:00Z,1567.271804714585,1485.551605058191,1730.712204027373,1.5461973057154184,126.35555253124248,1.0,pivot,1670414400000,2022-12-07T12:00:00Z,1730.712204027373,TP,5.0993339886093505,247.61177107387562,1.959642976612773,,"reserved 1% (cap 1%, R6 1%, guard x1); stop pivot 1489.2748 -0.25%",0.687950979211452,0.7861826629336075,20.0,67.96415485873047,3.0943840601820822
81,ETH/USDT,rr2_vol2_rsi55-70,1672272000000,2022-12-29T00:00:00Z,1672286400000,2022-12-29T04:00:00Z,9.387292872063117,9.090517220603044,9.980844174983265,434.1045823946694,128.83167024198124,1.0,pivot,1672444800000,2022-12-31T00:00:00Z,9.980844174983265,TP,8.407797044570795,249.2555434393917,1.9347381196814522,,"reserved 1% (cap 1%, R6 1%, guard x1); stop pivot 9.1133005 -0.25%",6.573055573200426,1.6516675380392494,4.0,64.07243004071981,2.9933736078214235
82,BTC/USDT,rr2_vol2_rsi55-70,1672459200000,2022-12-31T04:00:00Z,1672473600000,2022-12-31T08:00:00Z,1698.2039160267823,1632.3158611137526,1829.9800258528417,1.9931416377326558,131.32422567637516,1.0,pivot,1672660800000,2023-01-02T12:00:00Z,1631.4997031831958,SL,6.636570924756528,-139.5875149554901,-1.0629228098361556,,"reserved 1% (cap 1%, R6 1%, guard x1); stop pivot 1636.4069 -0.25%",4.699439559221912,1.4972334539571597,8.0,66.19553032229675,2.568104914532092
83,BNB/USDT,rr2_vol2_rsi55-70,1674993600000,2023-01-29T12:00:00Z,1675008000000,2023-01-29T16:00:00Z,3.182760811414586,3.0104475792549925,3.5273872757337736,377.0121101508988,64.96417526341014,0.5,pivot,1675353600000,2023-02-02T16:00:00Z,3.0089423554653654,SL,2.3343470763734135,-67.86600993696022,-1.0446682292476432,,"reserved 0.5% (cap 0.5%, R6 0.5%, guard x1); stop pivot 3.0301435 -0.65%",2.5004272098695632,1.409964508787821,16.0,65.82978445413505,2.67369075774346
84,BTC/USDT,rr2_vol2_rsi55-70,1675641600000,2023-02-06T00:00:00Z,1675656000000,2023-02-06T04:00:00Z,1635.8841653552256,1598.1593397056997,1711.3338166542774,3.4261176347961477,129.24969042745067,1.0,pivot,1675785600000,2023-02-07T16:00:00Z,1597.360260035847,SL,11.077475743438692,-143.06490711937894,-1.1068878126225217,,"reserved 1% (cap 1%, R6 1%, guard x1); stop pivot 1602.1648 -0.25%",0.10156403537666893,0.4231744579881868,4.0,56.53897054464405,2.9364560843640013
85,ETH/USDT,rr2_vol2_rsi55-70,1677571200000,2023-02-28T08:00:00Z,1677585600000,2023-02-28T12:00:00Z,7.31304725587772,7.0810686329113155,7.777004501810529,550.9949137631006,127.81904135625686,0.9999999999999999,pivot,1677672000000,2023-03-01T12:00:00Z,7.777004501810529,TP,8.314541766908162,247.32354094560557,1.9349506796586442,,"reserved 1% (cap 1%, R6 1%, guard x1); stop pivot 7.0988157 -0.25%",3.5753904286212856,0.8093937807144399,12.0,57.10909683326906,2.7697522654537767
86,ETH/USDT,rr2_vol2_rsi55-70,1678089600000,2023-03-06T08:00:00Z,1678104000000,2023-03-06T12:00:00Z,8.04023721077365,7.5347791026439195,9.051153427033112,257.7706731183192,130.29227676571293,1.0,pivot,1678737600000,2023-03-13T20:00:00Z,8.56027470837193,END,4.279125131506838,129.77129067116795,0.9960014046305922,,"reserved 1% (cap 1%, R6 1%, guard x1); stop pivot 7.5536633 -0.25%",9.960984119808854,0.1537280873108474,12.0,58.87591333863127,3.848221989471104
