trade_id,window,pair,variant,signal_time_utc,entry_time_utc,exit_time_utc,entry,stop,target,stop_method,planned_rr,risk_pct,pair_cap_pct,qty,notional,risk_amount,exit_price,exit_reason,fees,pnl,r_multiple,hold_h,f_dist_regime_pct,f_ema_gap_pct,f_hour_utc,f_rsi,f_vol_ratio,ml_prob,notes,auto_flags,reviewer_ok,reviewer_note
1,TRAIN,BNB/USDT,base,2019-02-24T00:00:00Z,2019-02-24T04:00:00Z,2019-02-24T16:00:00Z,7.330561,6.987719,8.016246,pivot,2.0000,0.5000,0.5000,145.83963224,1069.0863,50.0000,6.984225,SL,2.0877,-52.5972,-1.0519,12.00,6.550653,0.869097,4.000000,68.744027,1.527843,,"reserved 0.5% (cap 0.5%, R6 0.5%, guard x1); stop pivot 7.0334359 -0.65%",,,
2,TRAIN,BNB/USDT,base,2019-02-25T12:00:00Z,2019-02-25T16:00:00Z,2019-02-27T12:00:00Z,7.266014,6.817197,8.163647,pivot,2.0000,0.5000,0.5000,110.81806746,805.2056,49.7370,6.813788,SL,1.5603,-51.6750,-1.0390,44.00,5.193362,0.475498,16.000000,58.036966,1.638632,,"reserved 0.5% (cap 0.5%, R6 0.5%, guard x1); stop pivot 6.8617984 -0.65%",,,
3,TRAIN,BNB/USDT,base,2019-04-06T04:00:00Z,2019-04-06T08:00:00Z,2019-04-07T12:00:00Z,6.375149,6.243189,6.639069,pivot,2.0000,0.5000,0.5000,374.95176083,2390.3733,49.4786,6.240067,SL,4.7301,-55.3792,-1.1193,28.00,7.178577,0.808051,8.000000,64.545417,2.863830,,"reserved 0.5% (cap 0.5%, R6 0.5%, guard x1); stop pivot 6.2840352 -0.65%",,,
4,TRAIN,BNB/USDT,base,2019-04-19T12:00:00Z,2019-04-19T16:00:00Z,2019-04-20T12:00:00Z,6.519709,6.388865,6.781399,pivot,2.0000,0.5000,0.5000,376.03114966,2451.6138,49.2017,6.781399,TP,5.0016,93.4019,1.8983,20.00,4.904979,0.152106,16.000000,53.173871,1.526071,,"reserved 0.5% (cap 0.5%, R6 0.5%, guard x1); stop pivot 6.4306639 -0.65%",,,
5,TRAIN,ETH/USDT,base,2019-04-24T04:00:00Z,2019-04-24T08:00:00Z,2019-04-24T12:00:00Z,105.400750,104.328075,107.546101,pivot,2.0000,1.0000,1.0000,92.60723344,9760.8719,99.3375,104.275911,SL,19.4176,-123.5858,-1.2441,4.00,5.733782,1.617978,8.000000,62.871147,1.947636,,"reserved 1% (cap 1%, R6 1%, guard x1); stop pivot 104.58955 -0.25%",,,
6,TRAIN,BNB/USDT,base,2019-05-07T08:00:00Z,2019-05-07T12:00:00Z,2019-06-04T04:00:00Z,6.854222,6.342821,7.877023,pivot,2.0000,0.5000,0.5000,95.91465926,657.4203,49.0508,6.339650,SL,1.2655,-50.6205,-1.0320,664.00,5.581164,0.809265,12.000000,67.222124,2.354550,,"reserved 0.5% (cap 0.5%, R6 0.5%, guard x1); stop pivot 6.3843191 -0.65%",,,
7,TRAIN,BTC/USDT,base,2019-06-29T00:00:00Z,2019-06-29T04:00:00Z,2019-07-02T00:00:00Z,1776.898574,1728.811746,1873.072229,pivot,2.0000,1.0000,1.0000,2.02956705,3606.3348,97.5954,1727.947340,SL,7.1133,-106.4631,-1.0909,68.00,1.231879,0.748714,4.000000,67.354306,1.552514,,"reserved 1% (cap 1%, R6 1%, guard x1); stop pivot 1733.1446 -0.25%",,,
8,TRAIN,BTC/USDT,base,2019-07-06T00:00:00Z,2019-07-06T04:00:00Z,2019-07-07T16:00:00Z,1784.036154,1717.070421,1917.967620,pivot,2.0000,1.0000,1.0000,1.44149560,2571.6803,96.5308,1716.211886,SL,5.0456,-102.8140,-1.0651,36.00,1.393179,0.289081,4.000000,56.551565,1.653036,,"reserved 1% (cap 1%, R6 1%, guard x1); stop pivot 1721.3739 -0.25%",,,
9,TRAIN,BTC/USDT,base,2019-07-14T00:00:00Z,2019-07-14T04:00:00Z,2019-07-15T00:00:00Z,1803.466767,1772.129721,1866.140859,pivot,2.0000,1.0000,1.0000,3.04759643,5496.2389,95.5027,1771.243656,SL,10.8943,-109.0973,-1.1423,20.00,2.987054,1.261974,4.000000,64.256736,1.525644,,"reserved 1% (cap 1%, R6 1%, guard x1); stop pivot 1776.5711 -0.25%",,,
10,TRAIN,BTC/USDT,base,2019-07-16T12:00:00Z,2019-07-16T16:00:00Z,2019-07-17T20:00:00Z,1798.282399,1758.998084,1876.851031,pivot,2.0000,1.0000,1.0000,2.40329239,4321.7984,94.4117,1876.851031,TP,8.8324,179.9910,1.9064,28.00,2.342311,0.132667,16.000000,56.243550,1.970475,,"reserved 1% (cap 1%, R6 1%, guard x1); stop pivot 1763.4066 -0.25%",,,
11,TRAIN,ETH/USDT,base,2019-07-23T16:00:00Z,2019-07-23T20:00:00Z,2019-07-27T20:00:00Z,86.310358,79.934358,99.062360,pivot,2.0000,1.0000,1.0000,15.08964786,1302.3929,96.2116,99.062360,TP,2.7972,189.6260,1.9709,96.00,4.786783,0.707006,20.000000,69.491536,2.174528,,"reserved 1% (cap 1%, R6 1%, guard x1); stop pivot 80.134694 -0.25%",,,
12,TRAIN,ETH/USDT,base,2019-07-30T20:00:00Z,2019-07-31T00:00:00Z,2019-07-31T12:00:00Z,98.826207,95.703944,105.070734,pivot,2.0000,1.0000,1.0000,31.42203322,3105.3204,98.1079,105.070734,TP,6.4069,189.8089,1.9347,12.00,14.126878,0.731524,0.000000,62.532986,2.700704,,"reserved 1% (cap 1%, R6 1%, guard x1); stop pivot 95.943803 -0.25%",,,
13,TRAIN,BTC/USDT,base,2019-07-31T16:00:00Z,2019-07-31T20:00:00Z,2019-08-02T08:00:00Z,1957.153716,1901.681456,2068.098238,pivot,2.0000,1.0000,1.0000,1.80281016,3528.3766,100.0060,2068.098238,TP,7.2568,192.7551,1.9274,36.00,6.549438,0.752239,20.000000,65.832403,1.780637,,"reserved 1% (cap 1%, R6 1%, guard x1); stop pivot 1906.4476 -0.25%",,,
14,TRAIN,BTC/USDT,base,2019-08-03T00:00:00Z,2019-08-03T04:00:00Z,2019-08-27T04:00:00Z,2060.875599,1936.520271,2309.586255,pivot,2.0000,1.0000,1.0000,0.81969553,1689.2905,101.9335,2309.586255,TP,3.5824,200.2846,1.9649,576.00,10.721117,1.992918,4.000000,68.170759,4.555189,,"reserved 1% (cap 1%, R6 1%, guard x1); stop pivot 1941.3737 -0.25%",,,
15,TRAIN,BTC/USDT,base,2019-08-29T16:00:00Z,2019-08-29T20:00:00Z,2019-09-03T20:00:00Z,2295.640749,2229.248223,2428.425802,pivot,2.0000,1.0000,1.0000,1.56548272,3593.7859,103.9364,2228.133599,SL,7.0819,-112.7632,-1.0849,120.00,7.440566,0.196804,20.000000,54.946561,1.876056,,"reserved 1% (cap 1%, R6 1%, guard x1); stop pivot 2234.8353 -0.25%",,,
16,TRAIN,BTC/USDT,base,2019-09-10T16:00:00Z,2019-09-10T20:00:00Z,2019-09-17T20:00:00Z,2169.105737,2085.490186,2336.336839,pivot,2.0000,1.0000,1.0000,1.22954067,2667.0037,102.8087,2084.447441,SL,5.2299,-109.3207,-1.0633,168.00,0.564335,0.375461,20.000000,63.824731,1.502192,,"reserved 1% (cap 1%, R6 1%, guard x1); stop pivot 2090.717 -0.25%",,,
17,TRAIN,ETH/USDT,base,2019-09-21T00:00:00Z,2019-09-21T04:00:00Z,2019-09-28T08:00:00Z,109.926017,101.671725,126.434601,pivot,2.0000,1.0000,1.0000,12.32274255,1354.5900,101.7155,101.620889,SL,2.6068,-104.9488,-1.0318,172.00,0.156610,0.569195,4.000000,60.088405,1.974248,,"reserved 1% (cap 1%, R6 1%, guard x1); stop pivot 101.92654 -0.25%",,,
18,TRAIN,ETH/USDT,base,2019-10-19T12:00:00Z,2019-10-19T16:00:00Z,2019-10-21T08:00:00Z,113.262321,111.257968,117.271028,pivot,2.0000,1.0000,1.0000,50.22368960,5688.4517,100.6660,117.271028,TP,11.5782,189.7538,1.8850,40.00,1.073700,0.345815,16.000000,53.907071,2.545079,,"reserved 1% (cap 1%, R6 1%, guard x1); stop pivot 111.53681 -0.25%",,,
19,TRAIN,ETH/USDT,base,2019-10-21T16:00:00Z,2019-10-21T20:00:00Z,2019-10-22T16:00:00Z,115.889836,114.040045,119.589417,pivot,2.0000,1.0000,1.0000,55.44603543,6425.6320,102.5636,119.589417,TP,13.0564,192.0707,1.8727,20.00,3.060682,0.931029,20.000000,57.185285,1.638096,,"reserved 1% (cap 1%, R6 1%, guard x1); stop pivot 114.32586 -0.25%",,,
20,TRAIN,ETH/USDT,base,2019-10-23T08:00:00Z,2019-10-23T12:00:00Z,2019-10-26T12:00:00Z,119.105409,114.749142,127.817944,pivot,2.0000,1.0000,1.0000,23.98481603,2856.7213,104.4843,114.691767,SL,5.6076,-111.4680,-1.0668,72.00,5.428171,1.119235,12.000000,61.137128,3.125980,,"reserved 1% (cap 1%, R6 1%, guard x1); stop pivot 115.03673 -0.25%",,,
21,TRAIN,BTC/USDT,base,2019-11-15T08:00:00Z,2019-11-15T12:00:00Z,2019-11-20T00:00:00Z,2221.708091,2172.455395,2320.213483,pivot,2.0000,1.0000,1.0000,2.09876005,4662.8322,103.3696,2320.213483,TP,9.5324,197.2068,1.9078,108.00,8.691348,1.399719,12.000000,67.766653,1.582916,,"reserved 1% (cap 1%, R6 1%, guard x1); stop pivot 2177.9001 -0.25%",,,
22,TRAIN,BNB/USDT,base,2019-11-26T08:00:00Z,2019-11-26T12:00:00Z,2019-11-28T04:00:00Z,3.933069,3.854721,4.089764,pivot,2.0000,0.5000,0.5000,672.27032209,2644.0853,52.6708,4.089764,TP,5.3935,99.9481,1.8976,40.00,3.089219,1.653953,12.000000,65.352308,1.754107,,"reserved 0.5% (cap 0.5%, R6 0.5%, guard x1); stop pivot 3.8799405 -0.65%",,,
23,TRAIN,BTC/USDT,base,2019-12-02T04:00:00Z,2019-12-02T08:00:00Z,2019-12-06T20:00:00Z,2799.490036,2725.382123,2947.705862,pivot,2.0000,1.0000,1.0000,1.43494987,4017.1279,106.3411,2724.019432,SL,7.9260,-116.2225,-1.0929,108.00,18.512073,0.655969,8.000000,65.230694,1.525151,,"reserved 1% (cap 1%, R6 1%, guard x1); stop pivot 2732.2127 -0.25%",,,
24,TRAIN,ETH/USDT,base,2019-12-08T16:00:00Z,2019-12-08T20:00:00Z,2019-12-09T04:00:00Z,108.264890,105.965596,112.863479,pivot,2.0000,1.0000,1.0000,45.74400264,4952.4694,105.1789,112.863479,TP,10.1153,200.2425,1.9038,8.00,0.849810,0.725643,20.000000,62.352726,2.642471,,"reserved 1% (cap 1%, R6 1%, guard x1); stop pivot 106.23117 -0.25%",,,
25,TRAIN,BTC/USDT,base,2019-12-11T00:00:00Z,2019-12-11T04:00:00Z,2019-12-13T08:00:00Z,2842.158085,2737.367843,3051.738568,pivot,2.0000,1.0000,1.0000,1.02281796,2907.0103,107.1813,2735.999159,SL,5.7054,-114.2867,-1.0663,52.00,11.529907,0.396850,4.000000,60.255307,1.646473,,"reserved 1% (cap 1%, R6 1%, guard x1); stop pivot 2744.2284 -0.25%",,,
26,TRAIN,BNB/USDT,base,2019-12-19T00:00:00Z,2019-12-19T04:00:00Z,2019-12-21T20:00:00Z,4.316704,4.182820,4.584470,pivot,2.0000,0.5000,0.5000,396.01108960,1709.4625,53.0192,4.180729,SL,3.3651,-57.2125,-1.0791,64.00,8.214651,1.564970,4.000000,61.901654,2.077899,,"reserved 0.5% (cap 0.5%, R6 0.5%, guard x1); stop pivot 4.2101865 -0.65%",,,
27,TRAIN,BTC/USDT,base,2019-12-28T12:00:00Z,2019-12-28T16:00:00Z,2020-01-04T16:00:00Z,2673.217354,2587.011133,2845.629796,pivot,2.0000,1.0000,1.0000,1.22341923,3270.4655,105.4663,2585.717628,SL,6.4339,-113.4827,-1.0760,168.00,2.296930,0.784439,16.000000,58.113237,1.708990,,"reserved 1% (cap 1%, R6 1%, guard x1); stop pivot 2593.4949 -0.25%",,,
28,TRAIN,BNB/USDT,base,2020-01-15T12:00:00Z,2020-01-15T16:00:00Z,2020-01-16T12:00:00Z,4.040143,3.901343,4.317744,pivot,2.0000,0.5000,0.5000,375.83276068,1518.4182,52.1658,4.317744,TP,3.1412,101.1904,1.9398,20.00,0.655293,1.238221,16.000000,68.445931,3.746852,,"reserved 0.5% (cap 0.5%, R6 0.5%, guard x1); stop pivot 3.9268674 -0.65%",,,
29,TRAIN,ETH/USDT,base,2020-01-16T20:00:00Z,2020-01-17T00:00:00Z,2020-01-17T04:00:00Z,117.272632,115.543412,120.731071,pivot,2.0000,1.0000,1.0000,60.91963477,7144.2059,105.3434,115.485640,SL,14.1795,-123.0424,-1.1680,4.00,5.105198,0.499644,0.000000,54.905141,1.552296,,"reserved 1% (cap 1%, R6 1%, guard x1); stop pivot 115.83299 -0.25%",,,
30,TRAIN,ETH/USDT,base,2020-01-17T04:00:00Z,2020-01-17T08:00:00Z,2020-01-18T00:00:00Z,117.845039,115.543412,122.448294,pivot,2.0000,1.0000,1.0000,45.23451621,5330.6633,104.1130,115.485640,SL,10.5546,-117.2809,-1.1265,16.00,5.503403,0.545813,8.000000,57.126550,3.721122,,"reserved 1% (cap 1%, R6 1%, guard x1); stop pivot 115.83299 -0.25%",,,
31,TRAIN,BNB/USDT,base,2020-02-04T20:00:00Z,2020-02-05T00:00:00Z,2020-02-14T04:00:00Z,4.224982,3.892990,4.888966,pivot,2.0000,0.5000,0.5000,155.03419446,655.0167,51.4701,3.891044,SL,1.2583,-53.0301,-1.0303,220.00,0.396208,0.670262,0.000000,68.777527,2.642248,,"reserved 0.5% (cap 0.5%, R6 0.5%, guard x1); stop pivot 3.9184604 -0.65%",,,
32,TRAIN,BNB/USDT,base,2020-02-27T16:00:00Z,2020-02-27T20:00:00Z,2020-02-28T00:00:00Z,4.285073,4.189048,4.477124,pivot,2.0000,0.5000,0.5000,533.24260651,2284.9836,51.2049,4.186953,SL,4.5176,-56.8395,-1.1100,4.00,4.042906,0.604356,20.000000,58.657692,1.503749,,"reserved 0.5% (cap 0.5%, R6 0.5%, guard x1); stop pivot 4.2164545 -0.65%",,,
33,TRAIN,BNB/USDT,base,2020-02-28T04:00:00Z,2020-02-28T08:00:00Z,2020-02-28T20:00:00Z,4.313928,4.189048,4.563688,pivot,2.0000,0.5000,0.5000,407.75639582,1759.0317,50.9207,4.186953,SL,3.4663,-55.2411,-1.0848,12.00,4.630108,0.489101,8.000000,59.611375,3.318860,,"reserved 0.5% (cap 0.5%, R6 0.5%, guard x1); stop pivot 4.2164545 -0.65%",,,
34,TRAIN,ETH/USDT,base,2020-03-09T00:00:00Z,2020-03-09T04:00:00Z,2020-03-11T12:00:00Z,105.509518,101.236624,114.055305,pivot,2.0000,1.0000,1.0000,23.70503342,2501.1067,101.2891,114.055305,TP,5.2048,197.3734,1.9486,56.00,5.655670,1.471808,4.000000,68.502458,2.968305,,"reserved 1% (cap 1%, R6 1%, guard x1); stop pivot 101.49035 -0.25%",,,
35,TRAIN,BTC/USDT,base,2020-03-15T00:00:00Z,2020-03-15T04:00:00Z,2020-03-18T20:00:00Z,2257.601690,2148.489181,2475.826709,pivot,2.0000,1.0000,1.0000,0.94638845,2136.5682,103.2628,2147.414936,SL,4.1689,-108.4483,-1.0502,88.00,3.726323,0.545127,4.000000,65.276239,2.574285,,"reserved 1% (cap 1%, R6 1%, guard x1); stop pivot 2153.8739 -0.25%",,,
36,TRAIN,ETH/USDT,base,2020-03-20T04:00:00Z,2020-03-20T08:00:00Z,2020-04-18T08:00:00Z,116.805840,107.859886,134.697747,pivot,2.0000,1.0000,1.0000,11.42173775,1334.1257,102.1783,107.805956,SL,2.5655,-105.3598,-1.0311,696.00,10.252377,0.377743,8.000000,63.587034,1.802846,,"reserved 1% (cap 1%, R6 1%, guard x1); stop pivot 108.13021 -0.25%",,,
37,TRAIN,BTC/USDT,base,2020-05-12T04:00:00Z,2020-05-12T08:00:00Z,2020-05-30T20:00:00Z,2016.823341,1883.596085,2283.277854,pivot,2.0000,1.0000,1.0000,0.75903941,1530.8484,101.1247,1882.654287,SL,2.9599,-104.7995,-1.0363,444.00,2.360197,0.268722,8.000000,62.606033,1.730997,,"reserved 1% (cap 1%, R6 1%, guard x1); stop pivot 1888.3169 -0.25%",,,
38,TRAIN,BNB/USDT,base,2020-06-27T20:00:00Z,2020-06-28T00:00:00Z,2020-07-03T20:00:00Z,4.068303,3.905526,4.393858,pivot,2.0000,0.5000,0.5000,307.40336096,1250.6101,50.0384,4.393858,TP,2.6013,97.4754,1.9480,140.00,0.620796,0.568891,0.000000,59.583811,4.740635,,"reserved 0.5% (cap 0.5%, R6 0.5%, guard x1); stop pivot 3.9310776 -0.65%",,,
39,TRAIN,BNB/USDT,base,2020-07-03T20:00:00Z,2020-07-04T00:00:00Z,2020-07-04T16:00:00Z,4.397710,4.289437,4.614256,pivot,2.0000,0.5000,0.5000,466.65138903,2052.1977,50.5257,4.614256,TP,4.2054,96.8461,1.9168,16.00,7.785147,1.869644,0.000000,69.662295,3.257163,,"reserved 0.5% (cap 0.5%, R6 0.5%, guard x1); stop pivot 4.3175012 -0.65%",,,
40,TRAIN,ETH/USDT,base,2020-07-09T20:00:00Z,2020-07-10T00:00:00Z,2020-07-14T12:00:00Z,91.762654,89.064906,97.158150,pivot,2.0000,1.0000,1.0000,37.81671075,3470.1618,102.0200,89.020374,SL,6.8366,-110.5406,-1.0835,108.00,2.997394,0.140644,0.000000,57.102642,1.633464,,"reserved 1% (cap 1%, R6 1%, guard x1); stop pivot 89.288126 -0.25%",,,
41,TRAIN,BTC/USDT,base,2020-07-31T00:00:00Z,2020-07-31T04:00:00Z,2020-08-01T00:00:00Z,1767.325472,1695.678169,1910.620076,pivot,2.0000,1.0000,1.0000,1.40849060,2489.2613,100.9146,1910.620076,TP,5.1804,196.6488,1.9487,20.00,3.724579,0.513870,4.000000,63.081810,4.226013,,"reserved 1% (cap 1%, R6 1%, guard x1); stop pivot 1699.928 -0.25%",,,
42,TRAIN,ETH/USDT,base,2020-08-05T12:00:00Z,2020-08-05T16:00:00Z,2020-08-12T20:00:00Z,91.248239,86.583194,100.578331,pivot,2.0000,1.0000,1.0000,22.05359684,2012.3519,102.8810,86.539902,SL,3.9209,-107.7566,-1.0474,172.00,5.585541,0.534599,16.000000,62.219808,2.490518,,"reserved 1% (cap 1%, R6 1%, guard x1); stop pivot 86.800194 -0.25%",,,
43,TRAIN,BNB/USDT,base,2020-08-15T12:00:00Z,2020-08-15T16:00:00Z,2020-08-15T20:00:00Z,4.762955,4.630518,5.027828,pivot,2.0000,0.5000,0.5000,384.34734719,1830.6291,50.9017,4.628203,SL,3.6095,-55.4011,-1.0884,4.00,7.716771,0.247950,16.000000,57.113464,1.923962,,"reserved 0.5% (cap 0.5%, R6 0.5%, guard x1); stop pivot 4.6608133 -0.65%",,,
44,TRAIN,BNB/USDT,base,2020-09-10T00:00:00Z,2020-09-10T04:00:00Z,2020-09-21T12:00:00Z,4.729395,4.402646,5.382893,pivot,2.0000,0.5000,0.5000,154.93472457,732.7475,50.6247,4.400445,SL,1.4145,-52.3803,-1.0347,272.00,6.313928,1.157573,4.000000,60.548294,1.563578,,"reserved 0.5% (cap 0.5%, R6 0.5%, guard x1); stop pivot 4.4314507 -0.65%",,,
45,TRAIN,BNB/USDT,base,2020-09-24T16:00:00Z,2020-09-24T20:00:00Z,2020-09-30T00:00:00Z,4.599676,4.326334,5.146358,pivot,2.0000,0.5000,0.5000,184.24885785,847.4850,50.3628,5.146358,TP,1.7957,98.9300,1.9643,124.00,0.600469,0.334908,20.000000,59.909103,1.824918,,"reserved 0.5% (cap 0.5%, R6 0.5%, guard x1); stop pivot 4.3546396 -0.65%",,,
46,TRAIN,BNB/USDT,base,2020-11-01T20:00:00Z,2020-11-02T00:00:00Z,2020-11-07T04:00:00Z,4.754065,4.463553,5.335087,pivot,2.0000,0.5000,0.5000,175.06207082,832.2564,50.8575,4.461322,SL,1.6133,-52.8614,-1.0394,124.00,3.277042,1.006151,0.000000,69.793944,4.671246,,"reserved 0.5% (cap 0.5%, R6 0.5%, guard x1); stop pivot 4.4927563 -0.65%",,,
47,TRAIN,BNB/USDT,base,2020-11-20T04:00:00Z,2020-11-20T08:00:00Z,2020-11-23T16:00:00Z,4.433268,4.152130,4.995543,pivot,2.0000,0.5000,0.5000,179.95880326,797.8055,50.5932,4.995543,TP,1.6968,99.4895,1.9665,80.00,0.262135,0.384216,8.000000,63.461073,2.004031,,"reserved 0.5% (cap 0.5%, R6 0.5%, guard x1); stop pivot 4.1792954 -0.65%",,,
48,TRAIN,BTC/USDT,base,2020-12-14T04:00:00Z,2020-12-14T08:00:00Z,2020-12-14T12:00:00Z,1409.517202,1393.227931,1442.095744,pivot,2.0000,1.0000,1.0000,6.27291659,8841.7838,102.1812,1392.531317,SL,17.5770,-124.1281,-1.2148,4.00,3.387420,1.984768,8.000000,69.934482,2.945299,,"reserved 1% (cap 1%, R6 1%, guard x1); stop pivot 1396.7197 -0.25%",,,
49,TRAIN,BNB/USDT,base,2020-12-27T04:00:00Z,2020-12-27T08:00:00Z,2020-12-27T12:00:00Z,4.278166,4.174640,4.485217,pivot,2.0000,0.5000,0.5000,487.51159463,2085.6556,50.4700,4.172553,SL,4.1198,-55.6074,-1.1018,4.00,0.118313,1.451155,8.000000,66.470567,1.820580,,"reserved 0.5% (cap 0.5%, R6 0.5%, guard x1); stop pivot 4.2019531 -0.65%",,,
50,TRAIN,ETH/USDT,base,2021-01-04T20:00:00Z,2021-01-05T00:00:00Z,2021-01-22T08:00:00Z,42.785408,39.935065,48.486094,pivot,2.0000,1.0000,1.0000,35.21817857,1506.8241,100.3839,39.915098,SL,2.9126,-103.9997,-1.0360,416.00,1.083606,1.680026,0.000000,62.994841,3.717884,,"reserved 1% (cap 1%, R6 1%, guard x1); stop pivot 40.035153 -0.25%",,,
51,TRAIN,BTC/USDT,base,2021-01-29T20:00:00Z,2021-01-30T00:00:00Z,2021-02-02T04:00:00Z,1172.644436,1146.939907,1224.053493,pivot,2.0000,1.0000,1.0000,3.86483994,4532.0831,99.3439,1224.053493,TP,9.2629,189.4249,1.9068,76.00,2.042892,0.117209,0.000000,56.188793,2.101020,,"reserved 1% (cap 1%, R6 1%, guard x1); stop pivot 1149.8144 -0.25%",,,
52,TRAIN,BNB/USDT,base,2021-02-03T08:00:00Z,2021-02-03T12:00:00Z,2021-02-05T20:00:00Z,5.115474,4.990402,5.365617,pivot,2.0000,0.5000,0.5000,404.72126086,2070.3410,50.6191,5.365617,TP,4.2419,96.9962,1.9162,56.00,2.219441,0.862142,12.000000,62.947234,1.787517,,"reserved 0.5% (cap 0.5%, R6 0.5%, guard x1); stop pivot 5.0230522 -0.65%",,,
53,TRAIN,ETH/USDT,base,2021-02-07T16:00:00Z,2021-02-07T20:00:00Z,2021-02-13T16:00:00Z,49.492221,47.307427,53.861810,pivot,2.0000,1.0000,1.0000,46.78156256,2315.3235,102.2081,47.283773,SL,4.5273,-107.8420,-1.0551,140.00,11.883376,1.140169,20.000000,57.069556,4.684723,,"reserved 1% (cap 1%, R6 1%, guard x1); stop pivot 47.425992 -0.25%",,,
54,TRAIN,BTC/USDT,base,2021-02-20T04:00:00Z,2021-02-20T08:00:00Z,2021-02-25T00:00:00Z,1188.023135,1148.815644,1266.438115,pivot,2.0000,1.0000,1.0000,2.57934591,3064.3226,101.1297,1148.241237,SL,6.0260,-108.6373,-1.0742,112.00,1.750229,0.758205,8.000000,61.680989,2.229653,,"reserved 1% (cap 1%, R6 1%, guard x1); stop pivot 1151.6949 -0.25%",,,
55,TRAIN,ETH/USDT,base,2021-02-25T12:00:00Z,2021-02-25T16:00:00Z,2021-02-27T08:00:00Z,49.565902,48.040593,52.616520,pivot,2.0000,1.0000,1.0000,65.58886867,3250.9714,100.0433,48.016572,SL,6.4003,-108.0191,-1.0797,40.00,6.342018,1.110311,16.000000,60.794917,2.656908,,"reserved 1% (cap 1%, R6 1%, guard x1); stop pivot 48.160995 -0.25%",,,
56,TRAIN,BTC/USDT,base,2021-03-06T16:00:00Z,2021-03-06T20:00:00Z,2021-03-07T08:00:00Z,1167.040457,1146.117812,1208.885747,pivot,2.0000,1.0000,1.0000,4.72995246,5520.0459,98.9631,1145.544753,SL,10.9384,-112.6121,-1.1379,12.00,1.711339,1.599433,20.000000,66.103362,4.062747,,"reserved 1% (cap 1%, R6 1%, guard x1); stop pivot 1148.9903 -0.25%",,,
57,TRAIN,BNB/USDT,base,2021-03-08T08:00:00Z,2021-03-08T12:00:00Z,2021-03-09T00:00:00Z,4.699195,4.612335,4.872914,pivot,2.0000,0.5000,0.5000,563.19175845,2646.5477,48.9185,4.872914,TP,5.3909,92.4461,1.8898,12.00,0.276716,1.897564,12.000000,69.586422,3.779589,,"reserved 0.5% (cap 0.5%, R6 0.5%, guard x1); stop pivot 4.6425116 -0.65%",,,
58,TRAIN,ETH/USDT,base,2021-03-10T16:00:00Z,2021-03-10T20:00:00Z,2021-03-21T00:00:00Z,46.760694,43.484941,53.312200,pivot,2.0000,1.0000,1.0000,30.14923788,1409.7993,98.7615,43.463199,SL,2.7202,-102.1372,-1.0342,244.00,2.325435,1.963945,20.000000,68.113512,2.644648,,"reserved 1% (cap 1%, R6 1%, guard x1); stop pivot 43.593926 -0.25%",,,
59,TRAIN,BNB/USDT,base,2021-03-29T08:00:00Z,2021-03-29T12:00:00Z,2021-05-07T08:00:00Z,5.149557,4.757570,5.933532,pivot,2.0000,0.5000,0.5000,124.67252230,642.0083,48.8700,5.933532,TP,1.3818,96.3583,1.9717,932.00,3.938199,1.184736,12.000000,68.253106,1.757342,,"reserved 0.5% (cap 0.5%, R6 0.5%, guard x1); stop pivot 4.7886965 -0.65%",,,
60,TRAIN,BTC/USDT,base,2021-05-20T12:00:00Z,2021-05-20T16:00:00Z,2021-05-22T00:00:00Z,1232.873675,1209.036447,1280.548130,pivot,2.0000,1.0000,1.0000,4.14073603,5105.0044,98.7037,1208.431929,SL,10.1088,-111.3156,-1.1278,32.00,1.138757,0.743403,16.000000,56.993388,1.789668,,"reserved 1% (cap 1%, R6 1%, guard x1); stop pivot 1212.0666 -0.25%",,,
61,TRAIN,BTC/USDT,base,2021-06-12T20:00:00Z,2021-06-13T00:00:00Z,2021-06-13T12:00:00Z,1158.765763,1144.029192,1188.238903,pivot,2.0000,1.0000,1.0000,6.62233543,7673.7356,97.5905,1143.457178,SL,15.2461,-116.6247,-1.1950,12.00,2.170077,1.395028,0.000000,62.570591,2.287085,,"reserved 1% (cap 1%, R6 1%, guard x1); stop pivot 1146.8964 -0.25%",,,
62,TRAIN,BTC/USDT,base,2021-06-17T16:00:00Z,2021-06-17T20:00:00Z,2021-06-20T16:00:00Z,1156.374796,1123.258302,1222.607785,pivot,2.0000,1.0000,1.0000,2.91166881,3366.9804,96.4243,1222.607785,TP,6.9268,185.9217,1.9282,68.00,2.078401,0.530741,20.000000,61.720060,3.585007,,"reserved 1% (cap 1%, R6 1%, guard x1); stop pivot 1126.0735 -0.25%",,,
63,TRAIN,ETH/USDT,base,2021-06-21T20:00:00Z,2021-06-22T00:00:00Z,2021-07-02T20:00:00Z,41.759374,39.824385,45.629351,pivot,2.0000,1.0000,1.0000,50.79280013,2121.0755,98.2835,39.804473,SL,4.1429,-103.4377,-1.0524,260.00,7.619857,0.549562,0.000000,64.231066,1.514184,,"reserved 1% (cap 1%, R6 1%, guard x1); stop pivot 39.924196 -0.25%",,,
64,TRAIN,BNB/USDT,base,2021-07-17T04:00:00Z,2021-07-17T08:00:00Z,2021-07-17T20:00:00Z,8.161902,7.943363,8.598980,pivot,2.0000,0.5000,0.5000,222.49834749,1816.0096,48.6246,7.939391,SL,3.5825,-53.0908,-1.0919,12.00,8.255857,0.171728,8.000000,54.716516,2.355722,,"reserved 0.5% (cap 0.5%, R6 0.5%, guard x1); stop pivot 7.9953324 -0.65%",,,
65,TRAIN,BNB/USDT,base,2021-07-23T04:00:00Z,2021-07-23T08:00:00Z,2021-07-27T16:00:00Z,8.037949,7.279272,9.555301,pivot,2.0000,0.5000,0.5000,63.74141846,512.3502,48.3591,7.275633,SL,0.9761,-49.5672,-1.0250,104.00,5.517293,1.069990,8.000000,64.649483,2.135597,,"reserved 0.5% (cap 0.5%, R6 0.5%, guard x1); stop pivot 7.3268972 -0.65%",,,
66,TRAIN,BNB/USDT,base,2021-08-09T08:00:00Z,2021-08-09T12:00:00Z,2021-08-14T00:00:00Z,8.338729,8.107183,8.801821,pivot,2.0000,0.5000,0.5000,207.78272937,1732.6439,48.1113,8.103130,SL,3.4163,-52.3699,-1.0885,108.00,8.240197,0.364490,12.000000,56.833841,3.553631,,"reserved 0.5% (cap 0.5%, R6 0.5%, guard x1); stop pivot 8.1602246 -0.65%",,,
67,TRAIN,ETH/USDT,base,2021-08-15T20:00:00Z,2021-08-16T00:00:00Z,2021-08-16T00:00:00Z,31.764719,31.294176,32.705805,pivot,2.0000,1.0000,1.0000,203.37959986,6460.2959,95.6988,31.278529,SL,12.8217,-111.7028,-1.1672,0.00,2.931454,0.454292,0.000000,53.990093,3.640019,,"reserved 1% (cap 1%, R6 1%, guard x1); stop pivot 31.372608 -0.25%","zero_hold: hold time 0h, exit in the fill candle (intrabar order assumed, check the chart)",,
68,TRAIN,BTC/USDT,base,2021-08-19T08:00:00Z,2021-08-19T12:00:00Z,2021-08-20T00:00:00Z,1130.315438,1105.129994,1180.686326,pivot,2.0000,1.0000,1.0000,3.75541513,4244.8037,94.5818,1104.577429,SL,8.3930,-105.0499,-1.1107,12.00,1.477363,0.403782,12.000000,55.546983,3.187454,,"reserved 1% (cap 1%, R6 1%, guard x1); stop pivot 1107.8997 -0.25%",,,
69,TRAIN,ETH/USDT,base,2021-08-25T04:00:00Z,2021-08-25T08:00:00Z,2021-09-01T20:00:00Z,31.805131,29.510635,36.394124,pivot,2.0000,1.0000,1.0000,40.76332348,1296.4829,93.5313,36.394124,TP,2.7800,184.2826,1.9703,180.00,3.482726,1.197925,8.000000,68.740243,2.156989,,"reserved 1% (cap 1%, R6 1%, guard x1); stop pivot 29.584597 -0.25%",,,
70,TRAIN,ETH/USDT,base,2021-09-23T20:00:00Z,2021-09-24T00:00:00Z,2021-09-26T00:00:00Z,30.731544,29.927648,32.339336,pivot,2.0000,1.0000,1.0000,118.63985920,3645.9860,95.3741,32.339336,TP,7.4827,183.2655,1.9215,48.00,0.906868,1.106497,0.000000,66.327533,2.038519,,"reserved 1% (cap 1%, R6 1%, guard x1); stop pivot 30.002654 -0.25%",,,
71,TRAIN,ETH/USDT,base,2021-10-06T20:00:00Z,2021-10-07T00:00:00Z,2021-10-07T12:00:00Z,36.797985,35.509228,39.375498,pivot,2.0000,1.0000,1.0000,75.42679956,2775.5542,97.2068,35.491474,SL,5.4526,-103.9985,-1.0699,12.00,11.451480,0.797070,0.000000,62.398817,4.291437,,"reserved 1% (cap 1%, R6 1%, guard x1); stop pivot 35.598224 -0.25%",,,
72,TRAIN,BNB/USDT,base,2021-10-20T20:00:00Z,2021-10-21T00:00:00Z,2021-10-28T20:00:00Z,6.632126,6.411095,7.074189,pivot,2.0000,0.5000,0.5000,217.54084054,1442.7583,48.0834,6.407889,SL,2.8367,-51.6175,-1.0735,188.00,1.011484,1.259227,0.000000,66.129331,1.709458,,"reserved 0.5% (cap 0.5%, R6 0.5%, guard x1); stop pivot 6.4530394 -0.65%",,,
73,TRAIN,BTC/USDT,base,2021-11-03T04:00:00Z,2021-11-03T08:00:00Z,2021-11-08T12:00:00Z,1313.635964,1273.028373,1394.851145,pivot,2.0000,1.0000,1.0000,2.35548622,3094.2514,95.6506,1272.391859,SL,6.0914,-103.2413,-1.0794,124.00,8.670875,1.155766,8.000000,64.985832,2.754036,,"reserved 1% (cap 1%, R6 1%, guard x1); stop pivot 1276.2189 -0.25%",,,
74,TRAIN,BNB/USDT,base,2021-11-29T20:00:00Z,2021-11-30T00:00:00Z,2021-12-06T04:00:00Z,6.881931,6.681490,7.282812,pivot,2.0000,0.5000,0.5000,236.02544254,1624.3108,47.3091,7.282812,TP,3.3432,91.2750,1.9293,148.00,8.002346,0.980123,0.000000,58.952176,3.279638,,"reserved 0.5% (cap 0.5%, R6 0.5%, guard x1); stop pivot 6.7252039 -0.65%",,,
75,TRAIN,BNB/USDT,base,2021-12-08T20:00:00Z,2021-12-09T00:00:00Z,2021-12-11T20:00:00Z,7.103615,6.841645,7.627555,pivot,2.0000,0.5000,0.5000,182.33177168,1295.2147,47.7655,7.627555,TP,2.6860,92.8450,1.9438,68.00,6.885324,0.219225,0.000000,54.756614,3.313298,,"reserved 0.5% (cap 0.5%, R6 0.5%, guard x1); stop pivot 6.8864064 -0.65%",,,
76,TRAIN,BTC/USDT,base,2021-12-12T08:00:00Z,2021-12-12T12:00:00Z,2021-12-12T20:00:00Z,1216.331921,1178.750076,1291.495609,pivot,2.0000,1.0000,1.0000,2.56664911,3121.8972,96.4594,1178.160701,SL,6.1458,-104.1179,-1.0794,8.00,3.372785,1.262521,12.000000,68.120441,1.650899,,"reserved 1% (cap 1%, R6 1%, guard x1); stop pivot 1181.7043 -0.25%",,,
77,TRAIN,BNB/USDT,base,2021-12-19T20:00:00Z,2021-12-20T00:00:00Z,2021-12-21T08:00:00Z,8.379774,7.996840,9.145640,pivot,2.0000,0.5000,0.5000,124.58853267,1044.0237,47.7091,7.992842,SL,2.0398,-50.2471,-1.0532,32.00,13.959776,0.297535,0.000000,53.837035,1.715470,,"reserved 0.5% (cap 0.5%, R6 0.5%, guard x1); stop pivot 8.0491597 -0.65%",,,
78,TRAIN,BNB/USDT,base,2022-01-10T04:00:00Z,2022-01-10T08:00:00Z,2022-01-11T00:00:00Z,9.930700,9.697753,10.396594,pivot,2.0000,0.5000,0.5000,203.72816012,2023.1633,47.4579,9.692904,SL,3.9979,-52.4436,-1.1051,16.00,14.637955,0.989683,8.000000,60.661310,1.679981,,"reserved 0.5% (cap 0.5%, R6 0.5%, guard x1); stop pivot 9.7612009 -0.65%",,,
79,TRAIN,BNB/USDT,base,2022-01-16T08:00:00Z,2022-01-16T12:00:00Z,2022-01-17T12:00:00Z,10.484481,10.169967,11.113509,pivot,2.0000,0.5000,0.5000,150.05908951,1573.2916,47.1957,11.113509,TP,3.2410,91.1503,1.9313,24.00,15.012922,0.832794,12.000000,65.522092,3.339645,,"reserved 0.5% (cap 0.5%, R6 0.5%, guard x1); stop pivot 10.236504 -0.65%",,,
80,TRAIN,BTC/USDT,base,2022-01-19T08:00:00Z,2022-01-19T12:00:00Z,2022-01-19T20:00:00Z,1139.137036,1123.188193,1171.034721,pivot,2.0000,1.0000,1.0000,5.97553232,6806.9502,95.3028,1171.034721,TP,13.8045,176.8011,1.8552,8.00,6.183328,1.190181,12.000000,68.942098,2.773456,,"reserved 1% (cap 1%, R6 1%, guard x1); stop pivot 1126.0032 -0.25%",,,
81,TRAIN,BNB/USDT,base,2022-01-26T20:00:00Z,2022-01-27T00:00:00Z,2022-01-27T12:00:00Z,13.098396,12.700234,13.894719,pivot,2.0000,0.5000,0.5000,121.89879133,1596.6786,48.5354,12.693884,SL,3.1440,-52.4535,-1.0807,12.00,22.422959,1.060768,0.000000,65.664759,1.516301,,"reserved 0.5% (cap 0.5%, R6 0.5%, guard x1); stop pivot 12.783326 -0.65%",,,
82,TRAIN,BNB/USDT,base,2022-01-30T08:00:00Z,2022-01-30T12:00:00Z,2022-02-01T12:00:00Z,13.205806,12.414396,14.788626,pivot,2.0000,0.5000,0.5000,60.99638918,805.5065,48.2731,14.788626,TP,1.7076,94.8387,1.9646,48.00,19.049300,0.800962,12.000000,66.099134,1.506663,,"reserved 0.5% (cap 0.5%, R6 0.5%, guard x1); stop pivot 12.495618 -0.65%",,,
83,TRAIN,BNB/USDT,base,2022-02-05T04:00:00Z,2022-02-05T08:00:00Z,2022-02-10T12:00:00Z,15.205908,14.292732,17.032260,pivot,2.0000,0.5000,0.5000,53.38221403,811.7250,48.7473,14.285586,SL,1.5743,-50.7032,-1.0401,124.00,25.251949,1.078211,8.000000,67.073394,1.614884,,"reserved 0.5% (cap 0.5%, R6 0.5%, guard x1); stop pivot 14.386243 -0.65%",,,
84,TRAIN,BNB/USDT,base,2022-03-05T20:00:00Z,2022-03-06T00:00:00Z,2022-03-06T12:00:00Z,14.183480,14.026103,14.498234,pivot,2.0000,0.5000,0.5000,308.13779745,4370.4662,48.4938,14.019089,SL,8.6903,-59.3451,-1.2238,12.00,4.090023,1.154271,0.000000,58.949805,2.234485,,"reserved 0.5% (cap 0.5%, R6 0.5%, guard x1); stop pivot 14.117869 -0.65%",,,
85,TRAIN,BTC/USDT,base,2022-03-10T08:00:00Z,2022-03-10T12:00:00Z,2022-03-11T08:00:00Z,1272.112217,1247.670562,1320.995525,pivot,2.0000,1.0000,1.0000,3.94384944,5017.0190,96.3942,1320.995525,TP,10.2268,182.5616,1.8939,20.00,9.606823,1.259423,12.000000,63.519578,2.609754,,"reserved 1% (cap 1%, R6 1%, guard x1); stop pivot 1250.7976 -0.25%",,,
86,TRAIN,BTC/USDT,base,2022-03-19T04:00:00Z,2022-03-19T08:00:00Z,2022-03-20T08:00:00Z,1275.505550,1256.003866,1314.508917,pivot,2.0000,1.0000,1.0000,5.03647899,6424.0569,98.2198,1314.508917,TP,13.0446,183.3951,1.8672,24.00,5.585862,0.433069,8.000000,53.873004,2.828478,,"reserved 1% (cap 1%, R6 1%, guard x1); stop pivot 1259.1517 -0.25%",,,
87,TRAIN,BNB/USDT,base,2022-03-23T16:00:00Z,2022-03-23T20:00:00Z,2022-03-24T08:00:00Z,14.584085,14.350096,15.052064,pivot,2.0000,0.5000,0.5000,213.80004076,3118.0780,50.0269,15.052064,TP,6.3362,93.7176,1.8733,12.00,3.434505,0.832732,20.000000,59.704524,2.643023,,"reserved 0.5% (cap 0.5%, R6 0.5%, guard x1); stop pivot 14.443982 -0.65%",,,
88,TRAIN,BTC/USDT,base,2022-04-04T08:00:00Z,2022-04-04T12:00:00Z,2022-04-05T00:00:00Z,1615.346441,1581.076358,1683.886607,pivot,2.0000,1.0000,1.0000,2.94691285,4760.2852,100.9909,1580.285820,SL,9.4172,-112.7378,-1.1163,12.00,12.808865,0.064645,12.000000,51.634186,2.457930,,"reserved 1% (cap 1%, R6 1%, guard x1); stop pivot 1585.039 -0.25%",,,
89,TRAIN,BTC/USDT,base,2022-04-08T04:00:00Z,2022-04-08T08:00:00Z,2022-04-11T00:00:00Z,1640.705822,1584.066218,1753.985029,pivot,2.0000,1.0000,1.0000,1.76314032,2892.7946,99.8636,1583.274185,SL,5.6843,-106.9444,-1.0709,64.00,12.095375,0.634313,8.000000,65.476914,2.144353,,"reserved 1% (cap 1%, R6 1%, guard x1); stop pivot 1588.0363 -0.25%",,,
90,TRAIN,BTC/USDT,base,2022-04-13T08:00:00Z,2022-04-13T12:00:00Z,2022-04-13T12:00:00Z,1621.809143,1603.959790,1657.507849,pivot,2.0000,1.0000,1.0000,5.53488546,8976.5279,98.7941,1603.157810,SL,17.8498,-121.0828,-1.2256,0.00,7.725627,0.136931,12.000000,53.497356,1.525193,,"reserved 1% (cap 1%, R6 1%, guard x1); stop pivot 1607.9797 -0.25%","zero_hold: hold time 0h, exit in the fill candle (intrabar order assumed, check the chart)",,
91,TRAIN,BNB/USDT,base,2022-05-02T20:00:00Z,2022-05-03T00:00:00Z,2022-05-11T12:00:00Z,13.459494,12.904536,14.569410,pivot,2.0000,0.5000,0.5000,87.91953089,1183.3524,48.7916,12.898084,SL,2.3173,-51.6763,-1.0591,204.00,0.751257,0.962511,0.000000,63.640012,2.079812,,"reserved 0.5% (cap 0.5%, R6 0.5%, guard x1); stop pivot 12.988965 -0.65%",,,
92,TRAIN,ETH/USDT,base,2022-05-12T16:00:00Z,2022-05-12T20:00:00Z,2022-05-13T04:00:00Z,15.130778,14.905437,15.581460,pivot,2.0000,1.0000,1.0000,430.75412857,6517.6450,97.0665,14.897984,SL,12.9350,-113.2118,-1.1663,8.00,1.124307,0.002005,20.000000,52.173952,1.536420,,"reserved 1% (cap 1%, R6 1%, guard x1); stop pivot 14.942794 -0.25%",,,
93,TRAIN,ETH/USDT,base,2022-05-15T00:00:00Z,2022-05-15T04:00:00Z,2022-05-20T04:00:00Z,15.392835,14.818935,16.540635,pivot,2.0000,1.0000,1.0000,167.16228953,2573.1016,95.9344,14.811526,SL,5.0490,-102.2220,-1.0655,120.00,2.605287,0.531653,4.000000,58.642590,5.018080,,"reserved 1% (cap 1%, R6 1%, guard x1); stop pivot 14.856076 -0.25%",,,
94,TRAIN,BTC/USDT,base,2022-05-25T04:00:00Z,2022-05-25T08:00:00Z,2022-05-30T00:00:00Z,1548.151594,1488.503743,1667.447296,pivot,2.0000,1.0000,1.0000,1.59120898,2463.4327,94.9122,1487.759491,SL,4.8308,-100.9272,-1.0634,112.00,5.166373,0.506581,8.000000,59.952420,2.508505,,"reserved 1% (cap 1%, R6 1%, guard x1); stop pivot 1492.2343 -0.25%",,,
95,TRAIN,BTC/USDT,base,2022-06-29T08:00:00Z,2022-06-29T12:00:00Z,2022-07-06T16:00:00Z,1578.324107,1512.582663,1709.806994,pivot,2.0000,1.0000,1.0000,1.42836722,2254.4264,93.9029,1511.826372,SL,4.4139,-99.3971,-1.0585,172.00,8.896045,0.536121,12.000000,64.565370,2.874950,,"reserved 1% (cap 1%, R6 1%, guard x1); stop pivot 1516.3736 -0.25%",,,
96,TRAIN,BTC/USDT,base,2022-07-09T20:00:00Z,2022-07-10T00:00:00Z,2022-07-13T04:00:00Z,1605.283720,1512.297568,1791.256024,pivot,2.0000,1.0000,1.0000,0.99916978,1603.9510,92.9090,1791.256024,TP,3.3937,182.4242,1.9635,76.00,5.784763,0.708247,0.000000,65.364637,1.639571,,"reserved 1% (cap 1%, R6 1%, guard x1); stop pivot 1516.0878 -0.25%",,,
97,TRAIN,BNB/USDT,base,2022-07-13T04:00:00Z,2022-07-13T08:00:00Z,2022-07-16T16:00:00Z,12.858186,11.847133,14.880292,pivot,2.0000,0.5000,0.5000,46.84878494,602.3904,47.3666,11.841210,SL,1.1571,-48.8012,-1.0303,80.00,5.097444,1.345093,8.000000,61.249141,1.503811,,"reserved 0.5% (cap 0.5%, R6 0.5%, guard x1); stop pivot 11.924643 -0.65%",,,
98,TRAIN,BTC/USDT,base,2022-10-04T04:00:00Z,2022-10-04T08:00:00Z,2022-10-06T08:00:00Z,1322.560382,1273.863967,1419.953212,pivot,2.0000,1.0000,1.0000,1.93536181,2559.6329,94.2452,1273.227035,SL,5.0238,-100.5017,-1.0664,48.00,0.687272,0.850917,8.000000,64.187289,2.279379,,"reserved 1% (cap 1%, R6 1%, guard x1); stop pivot 1277.0566 -0.25%",,,
99,TRAIN,ETH/USDT,base,2022-10-28T04:00:00Z,2022-10-28T08:00:00Z,2022-10-29T00:00:00Z,7.025685,6.839544,7.397966,pivot,2.0000,1.0000,1.0000,500.91295956,3519.2565,93.2402,6.836124,SL,6.9436,-101.8967,-1.0928,16.00,9.090417,1.486825,8.000000,65.066683,2.352310,,"reserved 1% (cap 1%, R6 1%, guard x1); stop pivot 6.856686 -0.25%",,,
100,TRAIN,BTC/USDT,base,2022-10-31T04:00:00Z,2022-10-31T08:00:00Z,2022-11-01T20:00:00Z,1269.946072,1233.057972,1343.722273,pivot,2.0000,1.0000,1.0000,2.50002569,3174.8978,92.2212,1232.441443,SL,6.2560,-100.0186,-1.0846,36.00,3.013363,0.649996,8.000000,62.498174,2.745772,,"reserved 1% (cap 1%, R6 1%, guard x1); stop pivot 1236.1483 -0.25%",,,
101,TRAIN,BNB/USDT,base,2022-11-01T20:00:00Z,2022-11-02T00:00:00Z,2022-11-03T00:00:00Z,6.577360,6.386471,6.959139,pivot,2.0000,0.5000,0.5000,238.93696582,1571.5744,45.6105,6.959139,TP,3.2344,87.9866,1.9291,24.00,0.465463,0.577172,0.000000,59.425969,2.210141,,"reserved 0.5% (cap 0.5%, R6 0.5%, guard x1); stop pivot 6.4282544 -0.65%",,,
102,TRAIN,BTC/USDT,base,2022-11-05T20:00:00Z,2022-11-06T00:00:00Z,2023-02-23T08:00:00Z,1284.836899,1187.418356,1479.673983,pivot,2.0000,1.0000,1.0000,0.94541426,1214.7031,92.1009,1186.824647,SL,2.3367,-94.9989,-1.0315,2624.00,4.080717,0.799036,0.000000,69.559632,3.141363,,"reserved 1% (cap 1%, R6 1%, guard x1); stop pivot 1190.3943 -0.25%",,,
103,TRAIN,ETH/USDT,base,2023-02-28T08:00:00Z,2023-02-28T12:00:00Z,2023-03-01T12:00:00Z,7.307384,7.037743,7.846667,pivot,2.0000,1.0000,1.0000,338.04511244,2470.2256,91.1509,7.846667,TP,5.1228,177.1790,1.9438,24.00,12.017166,1.414250,12.000000,62.939840,2.769752,,"reserved 1% (cap 1%, R6 1%, guard x1); stop pivot 7.0553816 -0.25%",,,
104,TRAIN,ETH/USDT,base,2023-03-06T08:00:00Z,2023-03-06T12:00:00Z,2023-03-13T20:00:00Z,8.350278,7.783477,9.483881,pivot,2.0000,1.0000,1.0000,163.94226798,1368.9636,92.9227,9.329975,END,2.8985,157.7150,1.6973,176.00,19.526232,0.766903,12.000000,63.736194,3.848222,,"reserved 1% (cap 1%, R6 1%, guard x1); stop pivot 7.8029847 -0.25%","window_end: window-end forced exit (window-boundary artifact, not an SL/TP outcome)",,
105,TEST,ETH/USDT,base,2023-03-15T20:00:00Z,2023-03-16T00:00:00Z,2023-03-16T00:00:00Z,9.980954,9.928693,10.085476,pivot,2.0000,0.5231,1.0000,1000.90728084,9990.0100,52.3084,10.085476,TP,20.0846,84.5322,1.6160,0.00,25.540260,2.753620,0.000000,67.439615,2.879140,,"reserved 1% (cap 1%, R6 1%, guard x1); stop pivot 9.9535774 -0.25%; size capped by notional","zero_hold: hold time 0h, exit in the fill candle (intrabar order assumed, check the chart)",,
106,TEST,BTC/USDT,base,2023-03-19T04:00:00Z,2023-03-19T08:00:00Z,2023-03-19T20:00:00Z,1575.871804,1528.746510,1670.122392,pivot,2.0000,1.0000,1.0000,2.13994042,3372.2718,100.8453,1527.982136,SL,6.6421,-109.1231,-1.0821,12.00,17.933322,1.865829,8.000000,69.704100,3.347691,,"reserved 1% (cap 1%, R6 1%, guard x1); stop pivot 1532.578 -0.25%",,,
107,TEST,BNB/USDT,base,2023-03-21T00:00:00Z,2023-03-21T04:00:00Z,2023-03-29T08:00:00Z,4.264893,4.098870,4.596941,pivot,2.0000,0.5000,0.5000,300.42128178,1281.2648,49.8770,4.596941,TP,2.6623,97.0918,1.9466,196.00,0.550090,0.356795,4.000000,56.948549,1.632078,,"reserved 0.5% (cap 0.5%, R6 0.5%, guard x1); stop pivot 4.1256867 -0.65%",,,
108,TEST,ETH/USDT,base,2023-03-30T16:00:00Z,2023-03-30T20:00:00Z,2023-04-06T04:00:00Z,10.306954,9.542304,11.836253,pivot,2.0000,1.0000,1.0000,131.72702220,1357.7043,100.7250,9.537533,SL,2.6141,-103.9676,-1.0322,152.00,12.899545,1.697101,20.000000,68.436428,1.501096,,"reserved 1% (cap 1%, R6 1%, guard x1); stop pivot 9.5662199 -0.25%",,,
109,TEST,BNB/USDT,base,2023-04-14T08:00:00Z,2023-04-14T12:00:00Z,2023-04-15T04:00:00Z,4.883010,4.768762,5.111506,pivot,2.0000,0.5000,0.5000,436.26686837,2130.2956,49.8427,4.766378,SL,4.2097,-55.0926,-1.1053,16.00,6.606583,0.937586,12.000000,58.474964,2.441692,,"reserved 0.5% (cap 0.5%, R6 0.5%, guard x1); stop pivot 4.7999619 -0.65%",,,
110,TEST,BTC/USDT,base,2023-04-17T12:00:00Z,2023-04-17T16:00:00Z,2023-04-20T20:00:00Z,1709.494696,1663.959751,1800.564584,pivot,2.0000,1.0000,1.0000,2.17710614,3721.7514,99.1344,1663.127771,SL,7.3426,-108.2883,-1.0923,76.00,8.612262,0.385084,16.000000,55.378361,4.469202,,"reserved 1% (cap 1%, R6 1%, guard x1); stop pivot 1668.1301 -0.25%",,,
111,TEST,BNB/USDT,base,2023-05-05T16:00:00Z,2023-05-05T20:00:00Z,2023-05-13T00:00:00Z,4.510319,4.148178,5.234602,pivot,2.0000,0.5000,0.5000,135.37743761,610.5954,49.0258,4.146104,SL,1.1719,-50.4784,-1.0296,172.00,1.134697,2.061853,20.000000,63.430224,1.552829,,"reserved 0.5% (cap 0.5%, R6 0.5%, guard x1); stop pivot 4.1753172 -0.65%",,,
112,TEST,BNB/USDT,base,2023-05-19T12:00:00Z,2023-05-19T16:00:00Z,2023-05-22T08:00:00Z,4.333412,4.160884,4.678469,pivot,2.0000,0.5000,0.5000,282.69752113,1225.0449,48.7734,4.678469,TP,2.5476,94.9991,1.9478,64.00,0.320316,1.088305,16.000000,64.946450,1.943137,,"reserved 0.5% (cap 0.5%, R6 0.5%, guard x1); stop pivot 4.1881065 -0.65%",,,
113,TEST,BNB/USDT,base,2023-05-24T04:00:00Z,2023-05-24T08:00:00Z,2023-05-24T16:00:00Z,4.639247,4.538495,4.840750,pivot,2.0000,0.5000,0.5000,488.80915945,2267.7064,49.2484,4.536226,SL,4.4851,-54.8426,-1.1136,8.00,6.166124,1.235792,8.000000,65.519676,1.574441,,"reserved 0.5% (cap 0.5%, R6 0.5%, guard x1); stop pivot 4.5681884 -0.65%",,,
114,TEST,BTC/USDT,base,2023-06-04T16:00:00Z,2023-06-04T20:00:00Z,2023-06-05T12:00:00Z,1514.958984,1489.013643,1566.849666,pivot,2.0000,1.0000,1.0000,3.77517894,5719.2413,97.9483,1488.269136,SL,11.3377,-112.0967,-1.1444,16.00,0.574073,0.666453,20.000000,59.929247,3.593564,,"reserved 1% (cap 1%, R6 1%, guard x1); stop pivot 1492.7455 -0.25%",,,
115,TEST,BTC/USDT,base,2023-06-17T20:00:00Z,2023-06-18T00:00:00Z,2023-06-27T12:00:00Z,1521.984106,1451.915988,1662.120343,pivot,2.0000,1.0000,1.0000,1.38190293,2103.2343,96.8273,1662.120343,TP,4.4001,189.2546,1.9546,228.00,0.671648,0.296589,0.000000,60.237499,1.533600,,"reserved 1% (cap 1%, R6 1%, guard x1); stop pivot 1455.5549 -0.25%",,,
116,TEST,BTC/USDT,base,2023-07-04T08:00:00Z,2023-07-04T12:00:00Z,2023-07-07T08:00:00Z,1819.576285,1745.221142,1968.286572,pivot,2.0000,1.0000,1.0000,1.32768063,2415.8162,98.7199,1968.286572,TP,5.0291,192.4107,1.9491,68.00,12.445786,0.834340,12.000000,68.007896,1.922790,,"reserved 1% (cap 1%, R6 1%, guard x1); stop pivot 1749.5951 -0.25%",,,
117,TEST,BTC/USDT,base,2023-07-09T12:00:00Z,2023-07-09T16:00:00Z,2023-07-11T08:00:00Z,1953.212435,1896.993382,2065.650543,pivot,2.0000,1.0000,1.0000,1.79021139,3496.6632,100.6440,2065.650543,TP,7.1946,194.0934,1.9285,40.00,15.123376,0.735071,16.000000,65.556003,1.565257,,"reserved 1% (cap 1%, R6 1%, guard x1); stop pivot 1901.7478 -0.25%",,,
118,TEST,BNB/USDT,base,2023-07-11T12:00:00Z,2023-07-11T16:00:00Z,2023-07-24T16:00:00Z,3.814297,3.651486,4.139920,pivot,2.0000,0.5000,0.5000,315.04184308,1201.6632,51.2925,3.649660,SL,2.3515,-54.2191,-1.0571,312.00,4.735798,0.957167,16.000000,67.646284,1.566453,,"reserved 0.5% (cap 0.5%, R6 0.5%, guard x1); stop pivot 3.6753756 -0.65%",,,
119,TEST,BTC/USDT,base,2023-07-25T20:00:00Z,2023-07-26T00:00:00Z,2023-07-31T08:00:00Z,2240.150202,2143.201592,2434.047422,pivot,2.0000,1.0000,1.0000,1.05254457,2357.8579,102.0427,2142.129991,SL,4.6125,-107.7832,-1.0563,128.00,14.038321,0.852042,0.000000,64.593348,1.723891,,"reserved 1% (cap 1%, R6 1%, guard x1); stop pivot 2148.573 -0.25%",,,
120,TEST,BTC/USDT,base,2023-09-16T04:00:00Z,2023-09-16T08:00:00Z,2023-10-04T16:00:00Z,1768.333275,1663.168314,1978.663196,pivot,2.0000,1.0000,1.0000,0.96006218,1697.7099,100.9649,1662.336730,SL,3.2937,-105.0569,-1.0405,440.00,0.793110,1.417182,8.000000,66.583026,3.509435,,"reserved 1% (cap 1%, R6 1%, guard x1); stop pivot 1667.3367 -0.25%",,,
121,TEST,BTC/USDT,base,2023-10-14T20:00:00Z,2023-10-15T00:00:00Z,2023-10-23T04:00:00Z,1766.610590,1688.155697,1923.520374,pivot,2.0000,1.0000,1.0000,1.27352583,2249.8242,99.9143,1923.520374,TP,4.6995,195.1292,1.9530,196.00,2.128145,0.964925,0.000000,63.496536,2.906107,,"reserved 1% (cap 1%, R6 1%, guard x1); stop pivot 1692.3867 -0.25%",,,
122,TEST,BNB/USDT,base,2023-10-30T16:00:00Z,2023-10-30T20:00:00Z,2023-11-14T08:00:00Z,3.217008,2.962705,3.725613,pivot,2.0000,0.5000,0.5000,200.28404437,644.3153,50.9328,3.725613,TP,1.3905,100.4751,1.9727,348.00,11.231954,0.681525,20.000000,69.336317,3.274761,,"reserved 0.5% (cap 0.5%, R6 0.5%, guard x1); stop pivot 2.9820883 -0.65%",,,
123,TEST,BTC/USDT,base,2023-12-23T04:00:00Z,2023-12-23T08:00:00Z,2023-12-24T00:00:00Z,1739.863668,1700.913745,1817.763514,pivot,2.0000,1.0000,1.0000,2.64109316,4595.1420,102.8704,1700.063288,SL,9.0852,-114.2017,-1.1102,16.00,3.817809,1.659700,8.000000,69.687216,2.061525,,"reserved 1% (cap 1%, R6 1%, guard x1); stop pivot 1705.1767 -0.25%",,,
124,TEST,BTC/USDT,base,2023-12-26T20:00:00Z,2023-12-27T00:00:00Z,2023-12-28T12:00:00Z,1722.907200,1672.450742,1823.820116,pivot,2.0000,1.0000,1.0000,2.01616131,3473.6588,101.7284,1671.614517,SL,6.8439,-110.2582,-1.0838,36.00,2.350002,0.230699,0.000000,55.652123,2.274670,,"reserved 1% (cap 1%, R6 1%, guard x1); stop pivot 1676.6423 -0.25%",,,
125,TEST,BNB/USDT,base,2024-01-01T04:00:00Z,2024-01-01T08:00:00Z,2024-01-01T12:00:00Z,3.015926,2.953793,3.140192,pivot,2.0000,0.5000,0.5000,809.76186989,2442.1821,50.3129,2.952316,SL,4.8329,-56.3417,-1.1198,4.00,2.907851,1.484039,8.000000,62.851028,2.629615,,"reserved 0.5% (cap 0.5%, R6 0.5%, guard x1); stop pivot 2.9731186 -0.65%",,,
126,TEST,BNB/USDT,base,2024-01-01T16:00:00Z,2024-01-01T20:00:00Z,2024-01-03T20:00:00Z,3.021606,2.953793,3.157232,pivot,2.0000,0.5000,0.5000,737.78266143,2229.2887,50.0312,3.157232,TP,4.5586,95.5037,1.9089,48.00,3.012569,1.199386,20.000000,61.897854,1.961360,,"reserved 0.5% (cap 0.5%, R6 0.5%, guard x1); stop pivot 2.9731186 -0.65%",,,
127,TEST,ETH/USDT,base,2024-01-13T08:00:00Z,2024-01-13T12:00:00Z,2024-01-16T12:00:00Z,4.762759,4.477779,5.332718,pivot,2.0000,1.0000,1.0000,354.47243682,1688.2668,101.0174,4.475540,SL,3.2747,-105.0857,-1.0403,72.00,8.441036,1.990494,12.000000,69.562814,4.042696,,"reserved 1% (cap 1%, R6 1%, guard x1); stop pivot 4.4890019 -0.25%",,,
128,TEST,BTC/USDT,base,2024-01-16T12:00:00Z,2024-01-16T16:00:00Z,2024-01-17T12:00:00Z,1763.273103,1722.824381,1844.170547,pivot,2.0000,1.0000,1.0000,2.47143875,4357.8215,99.9665,1844.170547,TP,8.9156,191.0175,1.9108,20.00,3.500972,0.738784,16.000000,60.015136,3.022867,,"reserved 1% (cap 1%, R6 1%, guard x1); stop pivot 1727.1422 -0.25%",,,
129,TEST,ETH/USDT,base,2024-01-18T16:00:00Z,2024-01-18T20:00:00Z,2024-01-19T12:00:00Z,4.689813,4.610841,4.847755,pivot,2.0000,1.0000,1.0000,1290.04614710,6050.0746,101.8767,4.608536,SL,11.9953,-116.8461,-1.1469,16.00,5.156900,0.599265,20.000000,55.986182,2.783377,,"reserved 1% (cap 1%, R6 1%, guard x1); stop pivot 4.6223972 -0.25%",,,
130,TEST,ETH/USDT,base,2024-01-20T16:00:00Z,2024-01-20T20:00:00Z,2024-01-22T08:00:00Z,4.726493,4.544490,5.090499,pivot,2.0000,1.0000,1.0000,553.33227853,2615.3211,100.7083,5.090499,TP,5.4321,195.9844,1.9461,36.00,5.453895,0.272260,20.000000,58.614207,2.364570,,"reserved 1% (cap 1%, R6 1%, guard x1); stop pivot 4.5558794 -0.25%",,,
131,TEST,BTC/USDT,base,2024-01-24T12:00:00Z,2024-01-24T16:00:00Z,2024-01-28T00:00:00Z,1847.158762,1809.253162,1922.969962,pivot,2.0000,1.0000,1.0000,2.70852055,5003.0675,102.6681,1808.348535,SL,9.9010,-115.0193,-1.1203,80.00,5.456688,0.441535,16.000000,59.306028,1.767176,,"reserved 1% (cap 1%, R6 1%, guard x1); stop pivot 1813.7876 -0.25%",,,
132,TEST,ETH/USDT,base,2024-01-31T08:00:00Z,2024-01-31T12:00:00Z,2024-02-03T20:00:00Z,5.052704,4.716060,5.725994,pivot,2.0000,1.0000,1.0000,301.55789518,1523.6829,101.5179,5.725994,TP,3.2504,199.7854,1.9680,80.00,7.271112,0.742896,12.000000,66.773662,2.430687,,"reserved 1% (cap 1%, R6 1%, guard x1); stop pivot 4.7278793 -0.25%",,,
133,TEST,BNB/USDT,base,2024-02-05T04:00:00Z,2024-02-05T08:00:00Z,2024-02-07T00:00:00Z,3.833658,3.703955,4.093065,pivot,2.0000,0.5000,0.5000,399.04759183,1529.8121,51.7579,3.702103,SL,3.0071,-55.5040,-1.0724,40.00,15.466551,2.666758,8.000000,69.956430,2.778087,,"reserved 0.5% (cap 0.5%, R6 0.5%, guard x1); stop pivot 3.728188 -0.65%",,,
134,TEST,ETH/USDT,base,2024-02-08T00:00:00Z,2024-02-08T04:00:00Z,2024-02-08T08:00:00Z,6.093747,6.033545,6.214152,pivot,2.0000,0.9870,1.0000,1687.92456265,10285.7860,101.6171,6.030528,SL,20.4649,-127.1741,-1.2515,4.00,19.676208,1.435038,4.000000,67.110236,3.517299,,"reserved 1% (cap 1%, R6 1%, guard x1); stop pivot 6.0486667 -0.25%; size capped by notional",loss_outlier: loss -1.252R worse than -1.25R (a normal stop-out already costs -1.252R: fees and slippage are large versus the stop distance),,
135,TEST,BNB/USDT,base,2024-02-16T16:00:00Z,2024-02-16T20:00:00Z,2024-02-18T08:00:00Z,3.563915,3.409798,3.872150,pivot,2.0000,0.5000,0.5000,329.90748686,1175.7624,50.8445,3.408093,SL,2.3001,-53.7071,-1.0563,36.00,4.041827,0.936177,20.000000,63.704710,2.035305,,"reserved 0.5% (cap 0.5%, R6 0.5%, guard x1); stop pivot 3.4321066 -0.65%",,,
136,TEST,ETH/USDT,base,2024-03-16T20:00:00Z,2024-03-17T00:00:00Z,2024-03-20T00:00:00Z,5.865647,5.312120,6.972701,pivot,2.0000,1.0000,1.0000,182.74071615,1071.8925,101.1519,5.309464,SL,2.0421,-103.6794,-1.0250,72.00,2.649095,1.259286,0.000000,63.421041,1.587482,,"reserved 1% (cap 1%, R6 1%, guard x1); stop pivot 5.3254333 -0.25%",,,
137,TEST,BNB/USDT,base,2024-04-01T04:00:00Z,2024-04-01T08:00:00Z,2024-04-01T08:00:00Z,3.095509,3.003592,3.279342,pivot,2.0000,0.5000,0.5000,544.59821269,1685.8085,50.0576,3.002090,SL,3.3207,-54.1962,-1.0827,0.00,3.593045,0.811765,8.000000,59.310777,2.559864,,"reserved 0.5% (cap 0.5%, R6 0.5%, guard x1); stop pivot 3.0232433 -0.65%","zero_hold: hold time 0h, exit in the fill candle (intrabar order assumed, check the chart)",,
138,TEST,ETH/USDT,base,2024-04-03T04:00:00Z,2024-04-03T08:00:00Z,2024-04-04T08:00:00Z,6.525161,6.336809,6.901864,pivot,2.0000,1.0000,1.0000,528.65586199,3449.5646,99.5732,6.333641,SL,6.7979,-108.0460,-1.0851,24.00,12.942352,0.787847,8.000000,57.160915,1.785555,,"reserved 1% (cap 1%, R6 1%, guard x1); stop pivot 6.3526911 -0.25%",,,
139,TEST,BTC/USDT,base,2024-04-07T00:00:00Z,2024-04-07T04:00:00Z,2024-04-07T16:00:00Z,1661.135772,1640.032143,1703.343031,pivot,2.0000,1.0000,1.0000,4.66709720,7752.6821,98.4927,1639.212127,SL,15.4030,-117.7228,-1.1952,12.00,0.252534,0.910141,4.000000,64.953467,2.002963,,"reserved 1% (cap 1%, R6 1%, guard x1); stop pivot 1644.1425 -0.25%",,,
140,TEST,ETH/USDT,base,2024-04-20T12:00:00Z,2024-04-20T16:00:00Z,2024-04-22T00:00:00Z,5.947979,5.545464,6.753010,pivot,2.0000,1.0000,1.0000,241.76845907,1438.0338,97.3155,6.753010,TP,3.0707,191.5602,1.9684,32.00,1.697112,0.422411,16.000000,65.925044,2.922456,,"reserved 1% (cap 1%, R6 1%, guard x1); stop pivot 5.5593626 -0.25%",,,
141,TEST,ETH/USDT,base,2024-04-26T00:00:00Z,2024-04-26T04:00:00Z,2024-04-26T12:00:00Z,6.672931,6.551815,6.915162,pivot,2.0000,1.0000,1.0000,819.30722618,5467.1803,99.2311,6.548539,SL,10.8324,-112.7475,-1.1362,8.00,9.913687,0.520827,4.000000,55.370972,1.609748,,"reserved 1% (cap 1%, R6 1%, guard x1); stop pivot 6.5682354 -0.25%",,,
142,TEST,ETH/USDT,base,2024-04-28T20:00:00Z,2024-04-29T00:00:00Z,2024-04-29T20:00:00Z,6.673987,6.431115,7.159731,pivot,2.0000,1.0000,1.0000,403.93134506,2695.8326,98.1036,6.427900,SL,5.2923,-104.6947,-1.0672,20.00,8.598509,0.188261,0.000000,58.026142,1.572236,,"reserved 1% (cap 1%, R6 1%, guard x1); stop pivot 6.4472334 -0.25%",,,
143,TEST,BNB/USDT,base,2024-05-10T12:00:00Z,2024-05-10T16:00:00Z,2024-05-12T04:00:00Z,2.389197,2.292381,2.582828,pivot,2.0000,0.5000,0.5000,501.24428894,1197.5712,48.5283,2.582828,TP,2.4922,94.5644,1.9486,36.00,0.454988,0.842836,16.000000,62.109601,3.516896,,"reserved 0.5% (cap 0.5%, R6 0.5%, guard x1); stop pivot 2.307379 -0.65%",,,
144,TEST,ETH/USDT,base,2024-05-16T08:00:00Z,2024-05-16T12:00:00Z,2024-05-19T08:00:00Z,8.479444,8.068667,9.300999,pivot,2.0000,1.0000,1.0000,238.57765106,2023.0059,98.0023,8.064633,SL,3.9470,-102.9118,-1.0501,68.00,20.370963,1.624478,12.000000,67.391657,1.772507,,"reserved 1% (cap 1%, R6 1%, guard x1); stop pivot 8.0888891 -0.25%",,,
145,TEST,BNB/USDT,base,2024-05-21T12:00:00Z,2024-05-21T16:00:00Z,2024-05-24T20:00:00Z,2.522793,2.424673,2.719032,pivot,2.0000,0.5000,0.5000,494.15882815,1246.6604,48.4866,2.719032,TP,2.5903,94.3829,1.9466,76.00,3.027917,0.442471,16.000000,57.462115,2.008995,,"reserved 0.5% (cap 0.5%, R6 0.5%, guard x1); stop pivot 2.4405369 -0.65%",,,
146,TEST,ETH/USDT,base,2024-05-25T20:00:00Z,2024-05-26T00:00:00Z,2024-05-30T16:00:00Z,8.233209,7.784812,9.130004,pivot,2.0000,1.0000,1.0000,218.37096891,1797.8939,97.9170,7.780919,SL,3.4970,-102.2640,-1.0444,112.00,8.846869,0.015651,0.000000,54.439683,1.740477,,"reserved 1% (cap 1%, R6 1%, guard x1); stop pivot 7.8043224 -0.25%",,,
147,TEST,BNB/USDT,base,2024-06-01T04:00:00Z,2024-06-01T08:00:00Z,2024-06-12T12:00:00Z,2.753246,2.634980,2.989778,pivot,2.0000,0.5000,0.5000,409.64677679,1127.8584,48.4472,2.633663,SL,2.2067,-51.1936,-1.0567,268.00,8.108903,0.796727,8.000000,65.088266,4.505598,,"reserved 0.5% (cap 0.5%, R6 0.5%, guard x1); stop pivot 2.6522198 -0.65%",,,
148,TEST,BNB/USDT,base,2024-07-07T00:00:00Z,2024-07-07T04:00:00Z,2024-07-08T04:00:00Z,2.660993,2.561688,2.859603,pivot,2.0000,0.5000,0.5000,485.28468014,1291.3390,48.1912,2.560407,SL,2.5339,-51.3466,-1.0655,24.00,5.320879,1.087737,4.000000,61.403571,1.510019,,"reserved 0.5% (cap 0.5%, R6 0.5%, guard x1); stop pivot 2.5784476 -0.65%",,,
149,TEST,BNB/USDT,base,2024-07-10T04:00:00Z,2024-07-10T08:00:00Z,2024-07-11T00:00:00Z,2.609872,2.498619,2.832380,pivot,2.0000,0.5000,0.5000,430.85724278,1124.4824,47.9345,2.497369,SL,2.2005,-50.6732,-1.0571,16.00,2.775757,0.051317,8.000000,51.988928,3.635727,,"reserved 0.5% (cap 0.5%, R6 0.5%, guard x1); stop pivot 2.514966 -0.65%",,,
150,TEST,BTC/USDT,base,2024-07-12T20:00:00Z,2024-07-13T00:00:00Z,2024-07-14T08:00:00Z,1196.387566,1163.585092,1261.992513,pivot,2.0000,1.0000,1.0000,2.90716554,3478.0967,95.3622,1163.003299,SL,6.8591,-103.9127,-1.0897,32.00,3.140945,0.575490,0.000000,62.992507,3.141262,,"reserved 1% (cap 1%, R6 1%, guard x1); stop pivot 1166.5013 -0.25%",,,
151,TEST,ETH/USDT,base,2024-07-18T20:00:00Z,2024-07-19T00:00:00Z,2024-07-22T20:00:00Z,6.466289,5.913950,7.570965,pivot,2.0000,1.0000,1.0000,170.77052433,1104.2515,94.3231,5.910993,SL,2.1137,-96.9417,-1.0278,92.00,0.009864,1.268793,0.000000,63.719638,1.686222,,"reserved 1% (cap 1%, R6 1%, guard x1); stop pivot 5.9287722 -0.25%",,,
152,TEST,BTC/USDT,base,2024-08-26T16:00:00Z,2024-08-26T20:00:00Z,2024-08-28T00:00:00Z,1027.066470,1011.407494,1058.384420,pivot,2.0000,1.0000,1.0000,5.96167221,6123.0336,93.3537,1058.384420,TP,12.4328,174.2746,1.8668,28.00,2.523945,1.848547,20.000000,65.042447,2.496357,,"reserved 1% (cap 1%, R6 1%, guard x1); stop pivot 1013.9424 -0.25%",,,
153,TEST,BTC/USDT,base,2024-09-04T12:00:00Z,2024-09-04T16:00:00Z,2024-09-05T04:00:00Z,1028.099635,1007.441676,1069.415553,pivot,2.0000,1.0000,1.0000,4.60337938,4732.7327,95.0964,1069.415553,TP,9.6557,180.5372,1.8985,12.00,1.842925,0.247691,16.000000,52.959647,1.961567,,"reserved 1% (cap 1%, R6 1%, guard x1); stop pivot 1009.9666 -0.25%",,,
154,TEST,BNB/USDT,base,2024-09-08T08:00:00Z,2024-09-08T12:00:00Z,2024-09-09T16:00:00Z,2.273921,2.214899,2.391963,pivot,2.0000,0.5000,0.5000,820.90484954,1866.6726,48.4509,2.391963,TP,3.8302,93.0715,1.9209,28.00,13.348354,2.062245,12.000000,67.497449,4.655193,,"reserved 0.5% (cap 0.5%, R6 0.5%, guard x1); stop pivot 2.2293905 -0.65%",,,
155,TEST,ETH/USDT,base,2024-09-11T00:00:00Z,2024-09-11T04:00:00Z,2024-09-24T12:00:00Z,6.654212,6.243427,7.475783,pivot,2.0000,1.0000,1.0000,238.15959501,1584.7645,97.8325,6.240305,SL,3.0710,-101.6469,-1.0390,320.00,13.778158,1.595849,4.000000,63.349604,1.537794,,"reserved 1% (cap 1%, R6 1%, guard x1); stop pivot 6.2590745 -0.25%",,,
156,TEST,BTC/USDT,base,2024-09-28T00:00:00Z,2024-09-28T04:00:00Z,2024-10-09T04:00:00Z,1223.178286,1176.603762,1316.327335,pivot,2.0000,1.0000,1.0000,2.07873385,2542.6621,96.8160,1176.015460,SL,4.9873,-103.0262,-1.0641,264.00,6.707148,1.216336,4.000000,66.449943,2.404130,,"reserved 1% (cap 1%, R6 1%, guard x1); stop pivot 1179.5526 -0.25%",,,
157,TEST,ETH/USDT,base,2024-10-16T00:00:00Z,2024-10-16T04:00:00Z,2024-10-17T08:00:00Z,6.651735,6.510215,6.934775,pivot,2.0000,1.0000,1.0000,676.83574928,4502.1322,95.7858,6.934775,TP,9.1958,182.3757,1.9040,28.00,8.544570,1.382851,4.000000,62.904376,1.536986,,"reserved 1% (cap 1%, R6 1%, guard x1); stop pivot 6.5265316 -0.25%",,,
158,TEST,BTC/USDT,base,2024-10-18T00:00:00Z,2024-10-18T04:00:00Z,2024-10-19T04:00:00Z,1191.331750,1147.386958,1279.221333,pivot,2.0000,1.0000,1.0000,2.22118554,2646.1689,97.6095,1146.813265,SL,5.1935,-104.0773,-1.0663,24.00,0.189512,0.259238,4.000000,58.307884,3.871707,,"reserved 1% (cap 1%, R6 1%, guard x1); stop pivot 1150.2626 -0.25%",,,
159,TEST,ETH/USDT,base,2024-10-23T08:00:00Z,2024-10-23T12:00:00Z,2024-10-28T20:00:00Z,7.124240,6.509364,8.353993,pivot,2.0000,1.0000,1.0000,157.05398620,1118.8903,96.5688,8.353993,TP,2.4309,190.7066,1.9748,128.00,12.025362,1.272681,12.000000,69.186902,2.070087,,"reserved 1% (cap 1%, R6 1%, guard x1); stop pivot 6.5256782 -0.25%",,,
160,TEST,BNB/USDT,base,2024-11-02T08:00:00Z,2024-11-02T12:00:00Z,2024-11-10T12:00:00Z,2.542346,2.377253,2.872531,pivot,2.0000,0.5000,0.5000,298.24435922,758.2403,49.2379,2.376065,SL,1.4669,-51.0593,-1.0370,192.00,4.786174,0.250256,12.000000,61.192730,1.970263,,"reserved 0.5% (cap 0.5%, R6 0.5%, guard x1); stop pivot 2.3928067 -0.65%",,,
161,TEST,BTC/USDT,base,2024-11-22T16:00:00Z,2024-11-22T20:00:00Z,2024-11-25T12:00:00Z,1364.393757,1304.597966,1483.985340,pivot,2.0000,1.0000,1.0000,1.63832995,2235.3272,97.9652,1483.985340,TP,4.6666,191.2639,1.9524,64.00,2.121625,0.059851,20.000000,60.142129,1.872437,,"reserved 1% (cap 1%, R6 1%, guard x1); stop pivot 1307.8676 -0.25%",,,
162,TEST,ETH/USDT,base,2024-11-25T12:00:00Z,2024-11-25T16:00:00Z,2024-11-26T08:00:00Z,8.878207,8.492131,9.650360,pivot,2.0000,1.0000,1.0000,258.69976323,2296.7902,99.8779,9.650360,TP,4.7933,194.9624,1.9520,16.00,8.620545,1.171867,16.000000,66.828903,2.890667,,"reserved 1% (cap 1%, R6 1%, guard x1); stop pivot 8.5134146 -0.25%",,,
163,TEST,ETH/USDT,base,2024-12-05T04:00:00Z,2024-12-05T08:00:00Z,2024-12-05T16:00:00Z,11.578211,11.177088,12.380458,pivot,2.0000,1.0000,1.0000,253.85586044,2939.1967,101.8275,11.171499,SL,5.7751,-109.0213,-1.0706,8.00,23.968439,1.038330,8.000000,67.468105,1.606479,,"reserved 1% (cap 1%, R6 1%, guard x1); stop pivot 11.2051 -0.25%",,,
164,TEST,ETH/USDT,base,2024-12-07T16:00:00Z,2024-12-07T20:00:00Z,2024-12-10T08:00:00Z,11.569514,11.248685,12.211172,pivot,2.0000,1.0000,1.0000,313.99049983,3632.7174,100.7373,11.243060,SL,7.1629,-109.6662,-1.0886,60.00,19.980715,0.732564,20.000000,57.240305,1.969439,,"reserved 1% (cap 1%, R6 1%, guard x1); stop pivot 11.276877 -0.25%",,,
165,TEST,ETH/USDT,base,2024-12-14T20:00:00Z,2024-12-15T00:00:00Z,2024-12-21T00:00:00Z,11.568270,10.850560,13.003691,pivot,2.0000,1.0000,1.0000,138.83126197,1606.0375,99.6406,13.003691,TP,3.4114,195.8699,1.9658,144.00,12.847119,0.722384,0.000000,60.847128,4.298244,,"reserved 1% (cap 1%, R6 1%, guard x1); stop pivot 10.877754 -0.25%",,,
