world,effect_strength,seed,selected,base_label,base_train_n,base_train_avg_r,base_test_n,base_test_avg_r,base_test_total_r,base_test_iid_lb,base_test_block_lb,base_test_adj_lb,base_reached_gate,base_dd_ok,base_test_mtm_dd_pct,base_test_realised_dd_pct,base_dd_limit_pct,selected_label,selected_train_n,selected_train_avg_r,selected_test_n,selected_test_avg_r,selected_test_total_r,selected_test_iid_lb,selected_test_block_lb,selected_test_adj_lb,selected_reached_gate,selected_dd_ok,selected_test_mtm_dd_pct,selected_test_realised_dd_pct,selected_dd_limit_pct,ml_label,ml_train_n,ml_train_avg_r,ml_test_n,ml_test_avg_r,ml_test_total_r,ml_test_iid_lb,ml_test_block_lb,ml_test_adj_lb,ml_reached_gate,ml_dd_ok,ml_test_mtm_dd_pct,ml_test_realised_dd_pct,ml_dd_limit_pct,guard_label,guard_train_n,guard_train_avg_r,guard_test_n,guard_test_avg_r,guard_test_total_r,guard_test_iid_lb,guard_test_block_lb,guard_test_adj_lb,guard_reached_gate,guard_dd_ok,guard_test_mtm_dd_pct,guard_test_realised_dd_pct,guard_dd_limit_pct,ml_train_vetoed,ml_train_reduced,ml_train_base_only,ml_train_layer_only,ml_test_vetoed,ml_test_reduced,ml_test_base_only,ml_test_layer_only,guard_train_vetoed,guard_train_reduced,guard_train_base_only,guard_train_layer_only,guard_test_vetoed,guard_test_reduced,guard_test_base_only,guard_test_layer_only,ml_fit_error,ml_train_insample_n,ml_train_insample_avg_r,ml_gate_error,ml_hour_sin,ml_hour_cos,ml_top_feature,ml_fingerprint,verdict_robust,violations
zero_edge,,1,rr2_vol2_rsi55-70,NO-EDGE,94,-0.0043,60,-0.05,-3.0,-0.45,-0.3636,-0.45,False,True,10.787,10.271,15.0,TRAIN-ONLY,75,0.048,49,-0.0204,-1.0,-0.449,-0.3847,-0.449,True,True,7.052,6.81,15.0,UNTESTED,0,0.0,6,0.5,3.0,-1.0,-1.0,-1.0,False,True,1.624,1.495,15.0,NO-EDGE,102,-0.0444,60,-0.05,-3.0,-0.45,-0.3636,-0.45,False,True,10.787,10.217,15.0,342,0,90,5,191,0,58,4,0,21,1,9,0,3,0,0,,9,0.3333,,-0.0339,0.0006,dist_regime_pct,80c90c198bdf1de2a14c0f73a2f55df74c1ecf18088fa0f3c80aefbc97c70fe5,False,0
zero_edge,,2,rr2.5_vol1.5_rsi55-70,TRAIN-ONLY,95,0.0223,45,-0.1333,-6.0,-0.5333,-0.4194,-0.5333,True,True,7.803,6.955,14.212,TRAIN-ONLY,79,0.0331,34,-0.1765,-6.0,-0.6912,-0.6379,-0.6912,True,True,9.764,9.441,14.05,UNTESTED,18,-0.0,24,-0.0,-0.0,-0.625,-0.4545,-0.625,False,True,4.939,4.504,10.063,TRAIN-ONLY,98,0.0216,45,-0.1333,-6.0,-0.5333,-0.4194,-0.5333,True,True,7.803,6.985,13.195,152,0,58,25,73,0,29,8,0,19,2,5,0,1,0,0,,62,0.0645,,0.1179,-0.0297,dist_regime_pct,e932f1b61f3dbb969859339617fefb0d638699b93a3b66ecbe2c2a0e93ab794d,False,0
zero_edge,,3,rr3_vol2_rsi50-70,NO-EDGE,99,-0.1515,43,0.2935,12.6204,-0.227,-0.1217,-0.227,False,True,4.596,4.418,15.0,UNTESTED,69,0.0435,30,0.3873,11.6204,-0.3586,-0.1685,-0.3586,True,True,6.06,3.455,13.198,UNTESTED,27,-0.1111,31,0.1168,3.6204,-0.4194,-0.28,-0.4194,False,True,4.42,3.99,14.062,NO-EDGE,103,-0.1262,43,0.2935,12.6204,-0.227,-0.1217,-0.227,False,True,4.596,4.418,14.073,223,0,75,40,100,0,31,19,0,32,3,7,0,0,0,0,,64,0.125,,-0.0737,0.1083,ema_gap_pct,3def615371a513b462d5811222ff527d4eece821c46a47ace510b2e609afb25c,False,0
zero_edge,,4,rr2.5_vol1.5_rsi50-70,UNTESTED,94,0.0851,37,0.0541,2.0,-0.4324,-0.4,-0.4324,True,True,8.364,8.194,12.745,UNTESTED,90,0.2444,34,0.0294,1.0,-0.5882,-0.5758,-0.5882,True,True,10.827,9.874,12.072,UNTESTED,16,0.6875,36,-0.25,-9.0,-0.75,-0.7188,-0.75,False,False,13.342,12.734,6.821,UNTESTED,95,0.1053,37,0.0541,2.0,-0.4324,-0.4,-0.4324,True,True,8.364,8.194,12.307,61,0,44,41,26,0,17,16,0,13,0,1,0,0,0,0,,91,0.3516,,0.2645,-0.2501,hour_sin,ba6f28bddb9470c3f010d7d5e62dbb3b8d2d61002f813071b25974d5b09400be,False,0
zero_edge,,5,rr2.5_vol1.5_rsi55-70,UNTESTED,120,0.05,53,0.1103,5.8472,-0.3077,-0.3365,-0.3365,True,True,10.483,9.589,15.0,UNTESTED,96,0.3125,42,0.1667,7.0,-0.4167,-0.527,-0.527,True,False,11.974,10.466,11.802,UNTESTED,37,0.2162,49,0.0785,3.8472,-0.3878,-0.3182,-0.3878,True,True,10.483,9.589,10.972,NO-EDGE,135,-0.0,53,0.1103,5.8472,-0.3077,-0.3365,-0.3365,False,True,10.483,9.589,13.827,12,0,15,6,9,0,7,3,0,55,4,19,0,1,2,2,,111,0.027,,0.0488,0.1487,ema_gap_pct,f6eeb06d9dd4ea57ed36d6088ffa3f6dc8b85fa663c124bee32b6033815f182e,False,0
zero_edge,,6,rr2_vol2_rsi55-70,TRAIN-ONLY,107,0.0799,43,-0.5116,-22.0,-0.8605,-0.9231,-0.9231,True,True,14.245,14.101,14.586,UNTESTED,87,0.1724,29,-0.6897,-20.0,-1.0,-1.0,-1.0,False,False,16.282,16.142,10.045,UNTESTED,22,-0.0455,34,-0.4706,-16.0,-0.8235,-0.9062,-0.9062,False,True,11.154,11.004,13.197,TRAIN-ONLY,119,0.0971,43,-0.5116,-22.0,-0.8605,-0.9231,-0.9231,True,False,13.597,13.452,12.42,57,0,46,32,22,0,17,8,0,35,2,14,0,3,0,0,,93,0.1935,,0.1871,-0.0483,rsi,d278a61570cf9273e16af74d72fed3603ec97fab75b65fe583dced944b1c59b1,False,0
zero_edge,,7,rr3_vol2_rsi50-70,TRAIN-ONLY,87,0.069,38,-0.1316,-5.0,-0.6053,-0.5814,-0.6053,True,True,10.884,10.162,12.437,TRAIN-ONLY,70,0.3498,31,-0.2258,-7.0,-0.7419,-0.75,-0.75,True,False,12.844,12.782,10.169,UNTESTED,16,-0.625,33,-0.2727,-9.0,-0.7273,-0.7,-0.7273,False,True,11.96,10.595,15.0,TRAIN-ONLY,87,0.069,38,-0.1316,-5.0,-0.6053,-0.5814,-0.6053,True,True,10.884,10.162,12.553,137,0,51,21,53,0,23,18,0,4,0,0,0,0,0,0,,57,0.2105,,-0.0995,-0.076,dist_regime_pct,080fa3a65fca53fd34d4ef62e60f3d7376b0a5bed82e5bb2ffbb70be2c63e7ea,False,0
zero_edge,,8,rr2.5_vol2_rsi55-70,NO-EDGE,115,-0.0087,43,0.0465,2.0,-0.4419,-0.3637,-0.4419,False,True,6.025,5.852,15.0,UNTESTED,89,0.2191,31,0.129,4.0,-0.5484,-0.5625,-0.5625,True,True,6.468,5.705,11.251,UNTESTED,19,0.4211,32,0.0312,1.0,-0.5313,-0.5161,-0.5313,False,True,4.084,4.048,8.267,NO-EDGE,124,-0.0081,43,0.0465,2.0,-0.4419,-0.3637,-0.4419,False,True,6.025,5.852,14.917,75,0,59,38,37,0,24,13,0,29,0,9,0,0,0,0,,94,0.1489,,-0.0448,0.0322,dist_regime_pct,25a00204dd28ac265a3ebcb4b48b1a16cfe90a8b8046885245fe1b372a027738,False,0
zero_edge,,9,rr2.5_vol2_rsi55-70,NO-EDGE,113,-0.0708,48,0.25,12.0,-0.1875,-0.175,-0.1875,False,True,5.119,4.416,15.0,UNTESTED,75,0.26,34,0.1324,4.5,-0.4853,-0.4531,-0.4853,True,True,5.761,4.418,11.632,UNTESTED,24,-0.0,40,0.35,14.0,-0.175,-0.2286,-0.2286,False,True,5.596,4.416,13.229,NO-EDGE,118,-0.1102,48,0.25,12.0,-0.1875,-0.175,-0.1875,False,True,5.119,4.416,15.0,72,0,50,35,29,0,23,15,0,36,2,7,0,0,0,0,,98,0.0102,,-0.0488,-0.0013,vol_ratio,dbc89782105a04bb82b46f5df1bac91ae2060ccac0769f91d1a2334efd9d5eb3,False,0
zero_edge,,10,rr3_vol2_rsi50-70,NO-EDGE,105,-0.0,43,0.186,8.0,-0.3023,-0.3415,-0.3415,False,True,7.199,6.796,15.0,UNTESTED,62,0.1509,34,0.3229,10.9781,-0.3542,-0.4286,-0.4286,True,True,5.035,4.913,13.172,UNTESTED,13,0.3846,21,0.2857,6.0,-0.4286,-0.55,-0.55,False,True,5.458,3.94,6.789,UNTESTED,113,0.0354,43,0.186,8.0,-0.3023,-0.3415,-0.3415,True,True,7.199,6.796,13.233,154,0,85,30,68,0,29,7,0,27,2,10,0,0,0,0,,50,0.5,,-0.1014,0.063,dist_regime_pct,2ef3042d37e7151e8cd93055591c408b621df46f40273a95a2bbd66387dcbad2,False,0
zero_edge,,11,rr3_vol2_rsi55-70,TRAIN-ONLY,103,0.0777,54,-0.1148,-6.2009,-0.5037,-0.4143,-0.5037,True,True,10.857,10.045,12.25,UNTESTED,66,0.3333,31,0.1613,5.0,-0.4839,-0.3846,-0.4839,True,True,8.307,7.31,9.639,UNTESTED,14,0.5,31,0.2581,8.0,-0.3226,-0.2059,-0.3226,False,True,6.412,6.33,6.819,TRAIN-ONLY,103,0.0777,54,-0.1148,-6.2009,-0.5037,-0.4143,-0.5037,True,True,10.857,10.045,11.436,124,0,82,35,78,0,38,15,0,24,0,0,0,0,0,0,,56,0.1786,,0.086,0.0532,dist_regime_pct,9af1a9f7aee82ecdb6108e1fca34b3e14a72c10372cedb80f1c38012258b2dc4,False,0
zero_edge,,12,rr2.5_vol1.5_rsi55-70,UNTESTED,105,0.2286,56,0.0567,3.1735,-0.3571,-0.3607,-0.3607,True,True,10.63,10.048,11.426,UNTESTED,98,0.5,33,0.4447,14.6735,-0.1917,-0.0667,-0.1917,True,True,6.074,4.673,8.68,UNTESTED,30,0.4,45,0.3333,15.0,-0.1333,-0.175,-0.175,True,True,6.544,6.332,9.171,UNTESTED,104,0.2692,56,0.0567,3.1735,-0.3571,-0.3607,-0.3607,True,True,10.63,10.048,11.17,30,0,30,17,22,0,22,11,0,9,4,3,0,0,0,0,,92,0.3554,,0.0722,0.1296,rsi,53fca00e307474c7ed25dae2cd290c636254f8d05af106d334f012b20161e7ea,False,0
zero_edge,,13,rr2.5_vol2_rsi55-70,NO-EDGE,107,-0.0467,45,0.272,12.239,-0.2507,-0.1818,-0.2507,False,True,9.585,8.664,15.0,UNTESTED,87,0.0862,33,0.1667,5.5,-0.4697,-0.3519,-0.4697,True,True,6.774,4.899,14.026,UNTESTED,17,0.4118,37,-0.0206,-0.761,-0.5135,-0.5006,-0.5135,False,True,7.66,7.294,7.732,NO-EDGE,111,-0.027,45,0.272,12.239,-0.2507,-0.1818,-0.2507,False,True,9.585,8.664,15.0,54,0,46,22,55,0,30,22,0,18,1,5,0,0,0,0,,83,0.012,,0.0168,0.051,rsi,cf4a688849d36025eaa4dd61bdf5d1f3a259fe48a0f391feb3fe54a9fe38a5a8,False,0
zero_edge,,14,rr3_vol2_rsi55-70,NO-EDGE,104,-0.0343,48,-0.0625,-3.0,-0.5,-0.4783,-0.5,False,True,9.829,8.685,15.0,UNTESTED,69,0.0073,28,-0.1429,-4.0,-0.7161,-0.8462,-0.8462,False,True,8.97,7.314,14.522,UNTESTED,25,0.0202,30,-0.1,-3.0,-0.6,-0.591,-0.6,False,True,9.211,8.657,11.882,TRAIN-ONLY,107,0.0227,48,-0.0625,-3.0,-0.5,-0.4783,-0.5,True,True,9.829,8.685,13.511,144,0,71,46,55,0,32,14,0,25,4,7,0,0,0,0,,79,0.1203,,0.0248,-0.0912,hour_cos,e965f8221ea01592153e67de9218d385608d474a7a02f44ba66bb8f8c508863f,False,0
zero_edge,,15,rr2_vol1.5_rsi55-70,UNTESTED,98,0.2245,40,0.2,8.0,-0.325,-0.2,-0.325,True,True,4.066,3.455,10.482,UNTESTED,84,0.3571,41,0.1707,7.0,-0.3415,-0.2,-0.3415,True,True,4.692,4.022,8.776,UNTESTED,30,0.1,33,0.1818,6.0,-0.3636,-0.3078,-0.3636,True,True,5.703,4.969,10.991,UNTESTED,98,0.2245,40,0.2,8.0,-0.325,-0.2,-0.325,True,True,4.066,3.455,10.306,38,0,40,33,21,0,20,13,0,3,0,0,0,0,0,0,,91,0.2198,,0.0044,-0.0746,rsi,66993ea916096a09221d96ec1fa2967942105e09187ca6b8b78e6e5b3c1d6244,False,0
zero_edge,,16,rr2.5_vol2_rsi55-70,UNTESTED,94,0.1809,35,0.1255,4.3938,-0.3887,-0.4,-0.4,True,True,9.662,9.225,10.544,UNTESTED,57,0.4123,29,-0.0209,-0.6062,-0.6244,-0.5674,-0.6244,False,False,9.181,8.741,7.721,UNTESTED,28,0.2857,38,0.0367,1.3938,-0.4474,-0.5068,-0.5068,False,False,10.118,9.103,8.76,UNTESTED,97,0.1753,35,0.1255,4.3938,-0.3887,-0.4,-0.4,True,True,9.662,9.225,10.172,36,0,34,19,16,0,13,16,0,8,1,4,0,0,0,0,,79,0.2152,,-0.2058,-0.0201,rsi,1f86c96f8cfcb82093dc959d5db0a51512e84bf6e8a54e0350033feadcaebf30,False,0
zero_edge,,17,rr2_vol1.5_rsi55-70,TRAIN-ONLY,96,0.1059,42,-0.0,-0.0,-0.5,-0.3865,-0.5,True,True,6.407,6.351,10.462,UNTESTED,89,0.1254,41,0.0244,1.0,-0.4146,-0.3636,-0.4146,True,True,5.462,5.405,10.034,UNTESTED,26,-0.1476,32,0.0312,1.0,-0.5313,-0.4286,-0.5313,False,True,4.898,4.421,15.0,TRAIN-ONLY,96,0.1059,42,-0.0,-0.0,-0.5,-0.3865,-0.5,True,True,6.407,6.351,9.624,99,0,56,32,37,0,19,9,0,20,0,0,0,0,0,0,,72,0.1492,,-0.2897,0.0159,hour_sin,2be2b1e094b48401b854672c339476b0974f4d0dffeefa5118165088ea8240fa,False,0
zero_edge,,18,rr2_vol2_rsi55-70,UNTESTED,114,0.0367,56,0.4148,23.2288,-0.0236,-0.0138,-0.0236,True,True,6.273,5.376,14.523,UNTESTED,91,0.2328,46,0.3311,15.2288,-0.1522,-0.2193,-0.2193,True,True,6.065,4.456,10.531,UNTESTED,17,-0.401,28,0.2225,6.2288,-0.3571,-0.3,-0.3571,False,True,4.958,3.938,15.0,UNTESTED,116,0.0447,56,0.4148,23.2288,-0.0236,-0.0138,-0.0236,True,True,6.273,5.376,13.782,279,0,87,28,137,0,38,10,0,21,0,2,0,0,0,0,,55,0.1669,,-0.1018,0.027,dist_regime_pct,884df30f03d765b571ab3cf976412314071de15e5f33931365d2826e7289c0f3,False,0
zero_edge,,19,rr2_vol2_rsi50-70,NO-EDGE,103,-0.0193,46,0.1921,8.8382,-0.2644,-0.4167,-0.4167,False,True,6.299,6.072,15.0,UNTESTED,90,0.0556,44,0.2955,13.0,-0.1818,-0.25,-0.25,True,True,5.555,4.918,14.038,UNTESTED,21,0.4286,46,-0.0217,-1.0,-0.4783,-0.5455,-0.5455,False,False,10.264,10.139,8.689,UNTESTED,105,0.0191,46,0.1921,8.8382,-0.2644,-0.4167,-0.4167,True,True,6.299,6.072,14.962,63,0,49,27,37,0,27,27,0,13,0,2,0,0,0,0,,81,0.2222,,0.0387,-0.0763,ema_gap_pct,81128508c35251a6625a62b5c068899c81106b472f043a2d4b506258db76fc39,False,0
zero_edge,,20,rr2.5_vol2_rsi55-70,NO-EDGE,109,-0.0917,40,0.125,5.0,-0.4,-0.3824,-0.4,False,True,6.371,5.885,14.916,UNTESTED,74,0.0878,27,0.6852,18.5,-0.0926,-0.0,-0.0926,False,True,3.895,2.48,10.495,UNTESTED,25,-0.28,29,0.3448,10.0,-0.2759,-0.2288,-0.2759,False,True,3.517,2.97,15.0,NO-EDGE,109,-0.0917,40,0.125,5.0,-0.4,-0.3824,-0.4,False,True,6.371,5.885,14.038,133,0,64,38,43,0,27,16,0,19,0,0,0,0,0,0,,83,-0.0964,,0.0354,-0.1341,ema_gap_pct,8d32207264d29c60862c22fba0af62e83ae6f90848ced77354ea9a7055503dc1,False,0
zero_edge,,21,rr2.5_vol2_rsi55-70,TRAIN-ONLY,96,0.1648,41,-0.1601,-6.5636,-0.5991,-0.5666,-0.5991,True,True,7.706,6.995,11.399,UNTESTED,70,0.337,26,0.0322,0.8376,-0.6409,-0.6109,-0.6409,False,True,7.132,5.376,9.798,UNTESTED,17,0.1069,25,-0.1338,-3.3462,-0.6815,-0.7143,-0.7143,False,True,7.058,6.8,7.721,TRAIN-ONLY,98,0.2022,41,-0.1601,-6.5636,-0.5991,-0.5666,-0.5991,True,True,7.706,6.995,11.494,142,0,68,53,55,0,32,16,0,6,0,2,0,0,0,0,,81,0.058,,-0.1296,-0.0673,rsi,d72793ef4373e7e8f06ee90c7c0df55e752e79df693897b578686744c2d60c27,False,0
zero_edge,,22,rr2_vol2_rsi55-70,UNTESTED,121,0.0661,49,0.2408,11.8009,-0.2165,-0.1999,-0.2165,True,True,4.934,3.938,14.501,UNTESTED,102,0.0882,40,0.37,14.8009,-0.1552,-0.0,-0.1552,True,True,4.606,4.418,13.59,NO-EDGE,39,-0.0769,51,0.3289,16.7724,-0.1176,-0.1519,-0.1519,False,True,5.409,4.418,15.0,UNTESTED,126,0.0238,49,0.2408,11.8009,-0.2165,-0.1999,-0.2165,True,True,4.934,3.938,13.658,9,0,10,13,6,0,7,9,0,16,4,9,0,0,0,0,,124,0.0161,,0.048,0.0369,rsi,148fe3e6608e70270c7830acc5742872017868532faf8b4f8ebdb2083ad8e472,False,0
zero_edge,,23,rr3_vol2_rsi55-70,NO-EDGE,111,-0.1755,51,0.3232,16.4843,-0.1183,-0.125,-0.125,False,True,6.949,5.459,15.0,NO-EDGE,73,-0.1024,31,0.4672,14.4843,-0.2591,-0.3333,-0.3333,False,True,6.093,5.852,15.0,UNTESTED,13,-0.1904,25,0.0194,0.4843,-0.5806,-0.5725,-0.5806,False,True,9.362,9.114,14.878,NO-EDGE,119,-0.0796,51,0.3232,16.4843,-0.1183,-0.125,-0.125,False,True,6.949,5.459,14.896,186,0,81,20,125,0,43,17,0,41,3,11,0,0,0,0,,50,0.1105,,0.0663,-0.0179,vol_ratio,7158ff4706ebcc7353b9b9d26b31cf86711da21ac8907271fcc609159a95af75,False,0
zero_edge,,24,rr2.5_vol2_rsi50-70,NO-EDGE,115,-0.0527,54,0.0753,4.0636,-0.3692,-0.4256,-0.4256,False,True,8.627,8.212,15.0,TRAIN-ONLY,91,0.0488,45,-0.1208,-5.4364,-0.6111,-0.6234,-0.6234,True,True,7.156,7.14,15.0,UNTESTED,20,0.2,40,0.0766,3.0636,-0.4,-0.4,-0.4,False,True,5.521,5.494,10.909,NO-EDGE,115,-0.0005,54,0.0753,4.0636,-0.3692,-0.4256,-0.4256,False,True,8.627,8.212,15.0,130,0,63,34,65,0,34,20,0,27,4,4,0,0,0,0,,86,-0.0472,,0.1719,-0.1939,hour_cos,756c250d36dbe8334f18f4490bb1477fea23970a2ce61f0572c8f1d6d4025ce4,False,0
zero_edge,,25,rr3_vol2_rsi55-70,NO-EDGE,102,-0.1765,48,0.625,30.0,0.125,0.0435,0.0435,False,True,6.551,5.894,15.0,UNTESTED,66,0.2121,34,0.6266,21.3051,-0.0793,-0.2258,-0.2258,True,True,6.651,5.866,13.117,UNTESTED,19,-0.2105,25,0.32,8.0,-0.28,-0.3335,-0.3335,False,True,4.403,3.455,12.281,NO-EDGE,118,-0.0847,48,0.625,30.0,0.125,0.0435,0.0435,False,True,6.551,5.894,15.0,207,0,78,37,124,0,43,20,0,34,1,17,0,0,0,0,,61,-0.0164,,-0.0765,0.1863,hour_cos,6d49de23e1fb6abd10566ecb1aac55c2a5d98be91414eb7f5197dc8940970ff4,False,0
zero_edge,,26,rr2_vol2_rsi50-70,NO-EDGE,86,-0.5335,37,0.1351,5.0,-0.3514,-0.25,-0.3514,False,True,5.971,5.861,15.0,NO-EDGE,72,-0.4167,44,0.0909,4.0,-0.3864,-0.2326,-0.3864,False,True,7.788,6.868,15.0,UNTESTED,1,-1.0,10,-0.4,-4.0,-1.0,-1.0,-1.0,False,True,6.119,5.386,9.562,NO-EDGE,95,-0.5145,37,0.1351,5.0,-0.3514,-0.25,-0.3514,False,True,5.971,5.861,15.0,265,0,82,4,135,0,36,9,0,30,1,10,0,0,0,0,,8,0.125,,0.0693,0.0519,ema_gap_pct,9def695805f1c1a9b66c81c69967b1e699255213250e60c1d7be1f0245367a82,False,0
zero_edge,,27,rr2_vol2_rsi50-70,TRAIN-ONLY,105,0.1714,36,-0.0381,-1.3713,-0.5381,-0.4739,-0.5381,True,True,7.913,7.751,10.856,UNTESTED,98,0.1939,30,0.1543,4.6287,-0.4,-0.3349,-0.4,True,True,7.308,6.819,10.014,UNTESTED,31,0.2581,36,0.0452,1.6287,-0.4548,-0.3668,-0.4548,True,True,7.205,6.819,8.644,TRAIN-ONLY,110,0.2,36,-0.0381,-1.3713,-0.5381,-0.4739,-0.5381,True,True,7.913,7.751,9.264,9,0,6,7,5,0,5,5,0,28,1,6,0,0,0,0,,106,0.1321,,-0.0819,-0.1105,hour_cos,c9befb3a71c118a8b9196e1613c272cf20a1147c30942981cd4bf855e931c67c,False,0
zero_edge,,28,rr2.5_vol1.5_rsi55-70,TRAIN-ONLY,105,0.1323,61,-0.0656,-4.0,-0.459,-0.4444,-0.459,True,True,7.152,6.181,15.0,TRAIN-ONLY,83,0.2035,47,-0.3298,-15.5,-0.7766,-0.72,-0.7766,True,True,12.394,12.278,13.631,UNTESTED,29,0.3067,45,-0.2,-9.0,-0.6,-0.6667,-0.6667,False,True,7.994,7.842,10.513,TRAIN-ONLY,113,0.0787,61,-0.0656,-4.0,-0.459,-0.4444,-0.459,True,True,7.152,6.181,14.502,47,0,41,24,38,0,31,15,0,19,1,9,0,0,0,0,,88,0.2488,,0.1265,0.1236,ema_gap_pct,7c6829b45d688c3d34ee56e13c5cc092e927d235b990c53e51330480bd20bf6f,False,0
zero_edge,,29,rr3_vol1.5_rsi55-70,UNTESTED,92,0.0597,46,0.1565,7.201,-0.3002,-0.3315,-0.3315,True,True,7.019,5.85,14.244,UNTESTED,69,0.1752,27,-0.0296,-0.799,-0.7037,-0.6215,-0.7037,False,True,5.633,4.899,11.425,UNTESTED,18,0.1513,36,0.3111,11.201,-0.25,-0.2108,-0.25,False,True,4.544,3.453,8.099,UNTESTED,97,0.0979,46,0.1565,7.201,-0.3002,-0.3315,-0.3315,True,True,7.019,5.85,12.662,71,0,51,39,34,0,21,11,0,19,5,10,0,0,0,0,,80,0.125,,0.1565,-0.1191,rsi,f17e82a708c69776381bd3fe14304e4932f9ec91450ae86e90dacb9ba4065f03,False,0
zero_edge,,30,rr3_vol2_rsi50-70,NO-EDGE,111,-0.1129,56,-0.1964,-11.0,-0.5714,-0.6038,-0.6038,False,True,12.015,11.901,15.0,TRAIN-ONLY,72,0.1454,46,-0.3913,-18.0,-0.8261,-0.907,-0.907,True,True,14.983,14.268,15.0,UNTESTED,26,0.0115,35,-0.0571,-2.0,-0.5714,-0.5455,-0.5714,False,True,5.819,4.901,13.918,NO-EDGE,117,-0.1328,56,-0.1964,-11.0,-0.5714,-0.6038,-0.6038,False,True,12.015,11.901,15.0,104,0,64,29,60,0,34,13,0,41,3,9,0,6,0,0,,76,0.0588,,-0.0199,-0.1745,rsi,f43cdacecfa777acaea0525ebf0a6f956f47ab09d07d1aadf54d6d281af2c3b0,False,0
zero_edge,,31,rr2.5_vol2_rsi50-70,NO-EDGE,100,-0.07,50,0.2,10.0,-0.28,-0.3182,-0.3182,False,True,8.429,6.819,15.0,UNTESTED,70,0.05,34,0.0294,1.0,-0.5882,-0.6381,-0.6381,True,True,6.513,6.323,12.992,UNTESTED,24,-0.25,25,-0.04,-1.0,-0.64,-0.64,-0.64,False,True,6.331,5.428,12.708,UNTESTED,97,0.0515,51,0.1765,9.0,-0.2941,-0.3415,-0.3415,True,True,8.429,6.819,15.0,235,0,76,35,140,0,45,20,0,11,12,9,0,3,0,1,,59,0.1695,,0.0448,-0.1146,rsi,11226025d545f6005cd67637112f473d8f59839e7300adbb5282846f9c6cf8e2,False,0
zero_edge,,32,rr3_vol2_rsi55-70,NO-EDGE,103,-0.068,38,-0.6053,-23.0,-0.9211,-1.0,-1.0,False,False,18.865,18.717,14.088,UNTESTED,59,0.2786,26,-0.6923,-18.0,-1.0,-1.0,-1.0,False,False,14.639,14.483,9.604,UNTESTED,13,0.6154,29,-0.5862,-17.0,-1.0,-1.0,-1.0,False,False,14.642,14.486,6.323,NO-EDGE,105,-0.0286,38,-0.6053,-23.0,-0.9211,-1.0,-1.0,False,False,18.865,18.717,12.946,56,0,45,15,13,0,15,6,0,30,3,5,0,0,0,0,,73,0.1096,,0.1012,-0.0928,rsi,49dece4eacf07c2fc6fcd86b9ea500ed3242b1ca465861112b897bfa73bf69e8,False,0
zero_edge,,33,rr3_vol1.5_rsi50-70,UNTESTED,117,0.144,46,0.0673,3.0938,-0.3893,-0.3415,-0.3893,True,True,8.463,8.216,11.98,UNTESTED,96,0.2276,36,0.1415,5.0938,-0.5252,-0.5214,-0.5252,True,True,9.69,9.573,12.552,UNTESTED,25,0.3939,47,0.1722,8.0938,-0.2979,-0.3281,-0.3281,False,True,8.335,8.216,9.103,UNTESTED,120,0.1904,46,0.0673,3.0938,-0.3893,-0.3415,-0.3893,True,True,8.463,8.216,10.464,47,0,23,16,17,0,11,12,0,26,3,6,0,0,0,0,,110,0.135,,0.017,0.0095,dist_regime_pct,ef964ed46ae97f0162909c24faeca94cd2426d46c519d97d1eef56e277befd2e,False,0
zero_edge,,34,rr3_vol1.5_rsi55-70,TRAIN-ONLY,94,0.0343,44,-0.3052,-13.4291,-0.7143,-0.7568,-0.7568,True,True,13.471,12.294,14.972,TRAIN-ONLY,77,0.1493,38,-0.5639,-21.4291,-0.8947,-0.9561,-0.9561,True,False,15.991,15.409,14.247,UNTESTED,22,-0.2625,23,-0.4534,-10.4291,-0.8696,-0.875,-0.875,False,True,10.169,8.644,13.152,NO-EDGE,112,-0.0248,44,-0.3052,-13.4291,-0.7143,-0.7568,-0.7568,False,False,13.471,12.294,12.826,166,0,74,38,78,0,34,13,0,31,0,18,0,0,0,0,,58,0.0556,,0.0519,0.0975,ema_gap_pct,04e6dd2fe643c4c27f1ede86f778ab9cf636459daeee27d33f1ec043cb4820ec,False,0
zero_edge,,35,rr3_vol1.5_rsi50-70,UNTESTED,95,0.1684,47,0.0415,1.9516,-0.4053,-0.2826,-0.4053,True,True,8.332,7.843,12.366,UNTESTED,76,0.2632,37,0.1642,6.0744,-0.4595,-0.2683,-0.4595,True,True,5.439,4.502,11.803,UNTESTED,27,-0.1111,39,0.3077,12.0,-0.2308,-0.1818,-0.2308,False,True,5.263,4.485,15.0,UNTESTED,102,0.2353,47,0.0415,1.9516,-0.4053,-0.2826,-0.4053,True,True,8.332,7.843,11.161,29,0,24,20,28,0,23,15,0,12,1,8,0,0,0,0,,91,0.0879,,-0.0047,0.0495,ema_gap_pct,aae851d0253374ecd48f31ca33c7d3c096a5715c8c19e02db29d89c912ba661f,False,0
zero_edge,,36,rr2_vol1.5_rsi50-70,TRAIN-ONLY,89,0.1798,39,-0.3757,-14.6527,-0.7692,-0.8286,-0.8286,True,False,16.471,15.758,10.904,TRAIN-ONLY,89,0.1798,39,-0.3757,-14.6527,-0.7692,-0.8286,-0.8286,True,False,16.471,15.758,10.904,UNTESTED,24,0.25,29,-0.3793,-11.0,-0.7931,-0.875,-0.875,False,False,11.68,11.024,10.077,TRAIN-ONLY,89,0.1798,39,-0.3757,-14.6527,-0.7692,-0.8286,-0.8286,True,False,16.471,15.758,10.688,79,0,45,39,25,0,17,7,0,6,0,0,0,0,0,0,,83,0.1205,,-0.0182,-0.1126,ema_gap_pct,646686f8cbd017dc486c0ef4288c41e0d32649d30b72914e6d2f5b60141998de,False,0
zero_edge,,37,rr2_vol2_rsi50-70,TRAIN-ONLY,110,0.1455,50,-0.0308,-1.5385,-0.46,-0.5018,-0.5018,True,True,12.394,11.064,12.852,TRAIN-ONLY,92,0.3043,50,-0.0908,-4.5385,-0.5017,-0.5883,-0.5883,True,False,14.169,13.656,10.502,UNTESTED,25,-0.28,35,0.0596,2.0848,-0.4547,-0.5,-0.5,False,True,10.42,9.566,15.0,TRAIN-ONLY,112,0.1518,50,-0.0308,-1.5385,-0.46,-0.5018,-0.5018,True,True,12.394,11.064,12.495,95,0,58,17,25,0,25,10,0,7,1,3,0,0,0,0,,69,0.3478,,0.0161,-0.0284,dist_regime_pct,9e24e5b88961190d99240c9e5de6f0a1916f9fb9b1df116f7332f4743ece7161,False,0
zero_edge,,38,rr2_vol2_rsi50-70,TRAIN-ONLY,112,0.1045,57,-0.0,-0.0,-0.4211,-0.3115,-0.4211,True,True,9.707,9.617,15.0,UNTESTED,90,0.1742,49,0.0408,2.0,-0.3878,-0.3455,-0.3878,True,True,5.442,4.975,13.308,UNTESTED,17,0.0588,58,0.5517,32.0,0.1379,0.125,0.125,False,True,6.169,5.376,15.0,TRAIN-ONLY,121,0.0968,57,-0.0,-0.0,-0.4211,-0.3115,-0.4211,True,True,9.707,9.617,14.955,65,0,53,37,44,0,30,31,0,15,0,9,0,0,0,0,,96,0.1562,,0.1364,-0.0636,rsi,7310e76087925cdfb35332cd5e89d02275f537e9eac09febf63d631b5ff46764,False,0
zero_edge,,39,rr2_vol1.5_rsi55-70,TRAIN-ONLY,107,0.2617,42,-0.0,-0.0,-0.5,-0.5294,-0.5294,True,True,7.654,7.269,10.039,TRAIN-ONLY,103,0.2816,39,-0.0,-0.0,-0.4615,-0.5385,-0.5385,True,True,7.155,6.793,9.269,UNTESTED,18,0.3333,37,-0.027,-1.0,-0.5135,-0.5714,-0.5714,False,True,6.793,6.793,8.737,TRAIN-ONLY,110,0.2545,42,-0.0,-0.0,-0.5,-0.5294,-0.5294,True,True,7.654,7.269,9.555,74,0,40,34,28,0,13,8,0,15,2,5,0,0,0,0,,101,0.2178,,-0.01,-0.1059,dist_regime_pct,332e2f83d34deccc121473d5de45a32bf57639ff88aca2fc15281c068459fa9f,False,0
zero_edge,,40,rr2.5_vol1.5_rsi50-70,NO-EDGE,106,-0.1629,48,0.125,6.0,-0.3125,-0.28,-0.3125,False,True,7.069,5.882,15.0,UNTESTED,82,0.0029,43,0.2114,9.0885,-0.3488,-0.2029,-0.3488,True,True,8.666,7.499,15.0,UNTESTED,15,-0.2,11,1.0322,11.354,0.0909,0.3628,0.0909,False,True,2.147,1.0,8.646,NO-EDGE,123,-0.1566,48,0.125,6.0,-0.3125,-0.28,-0.3125,False,True,7.069,5.882,15.0,337,0,97,11,155,0,45,8,0,44,7,24,0,0,0,0,,20,-0.1,,-0.0265,0.0512,rsi,96d50c0390349016c35426094286cb76fbe3ada934d3f3c8365c523a90aadcbd,False,0
zero_edge,,41,rr2_vol2_rsi55-70,UNTESTED,91,0.1938,57,0.0526,3.0,-0.3684,-0.4286,-0.4286,True,True,11.312,10.646,13.14,UNTESTED,77,0.3417,45,0.0667,3.0,-0.4,-0.4167,-0.4167,True,False,9.949,9.139,9.793,UNTESTED,27,-0.1451,49,0.1633,8.0,-0.2653,-0.4256,-0.4256,False,True,7.285,6.486,15.0,UNTESTED,94,0.1876,59,0.0169,1.0,-0.3898,-0.4462,-0.4462,True,True,10.865,10.195,12.713,38,0,31,24,18,0,19,11,0,15,0,3,0,5,0,2,,84,0.2219,,-0.0022,-0.0763,rsi,5f6b2102a51e1680319ba3cb41850c2c7eec5446bacfd1bdee2af3a6ca7a20ae,False,0
zero_edge,,42,rr3_vol1.5_rsi55-70,UNTESTED,112,0.106,49,0.0408,2.0,-0.3878,-0.3333,-0.3878,True,True,7.742,6.916,13.203,TRAIN-ONLY,62,0.5206,39,-0.2218,-8.6486,-0.7346,-0.6662,-0.7346,True,False,15.291,14.621,10.781,UNTESTED,17,0.6832,48,-0.0625,-3.0,-0.5,-0.4643,-0.5,False,False,10.034,8.814,5.85,UNTESTED,119,0.0158,49,0.0408,2.0,-0.3878,-0.3333,-0.3878,True,True,7.742,6.916,13.368,36,0,34,21,16,0,15,14,0,37,2,9,0,0,0,0,,99,0.0606,,-0.0106,-0.1236,rsi,6d3b9d48ff05b4b89f8943eb244c551d49ef74cdfd5ff780603b84cdcef9cfd2,False,0
zero_edge,,43,rr2_vol2_rsi55-70,UNTESTED,115,0.1092,59,0.0858,5.0599,-0.321,-0.3334,-0.3334,True,True,12.231,11.802,15.0,UNTESTED,94,0.1955,50,0.0938,4.6905,-0.34,-0.3265,-0.34,True,True,9.09,8.646,12.344,UNTESTED,39,0.2706,45,0.2236,10.0599,-0.2431,-0.3208,-0.3208,True,False,12.231,11.802,10.996,UNTESTED,122,0.1439,59,0.0858,5.0599,-0.321,-0.3334,-0.3334,True,True,12.231,11.802,15.0,33,0,24,18,26,0,18,4,0,10,5,12,0,1,0,0,,109,0.1152,,-0.0754,-0.0466,dist_regime_pct,fc9743fc65e5ee307647b53ba20d49a18de382190dac4b93897d2e4a268f4b0e,False,0
zero_edge,,44,rr2.5_vol1.5_rsi50-70,TRAIN-ONLY,107,0.2617,50,-0.2736,-13.6788,-0.64,-0.7109,-0.7109,True,False,16.658,15.781,11.386,TRAIN-ONLY,89,0.3603,45,-0.2929,-13.1788,-0.6895,-0.7424,-0.7424,True,False,13.554,13.483,10.741,TRAIN-ONLY,36,0.0833,44,-0.1745,-7.6788,-0.5909,-0.6471,-0.6471,True,True,12.739,11.888,15.0,TRAIN-ONLY,107,0.2617,50,-0.2736,-13.6788,-0.64,-0.7109,-0.7109,True,False,16.658,15.781,11.397,43,0,35,21,13,0,9,3,0,6,0,0,0,0,0,0,,93,0.3226,,-0.0472,-0.141,rsi,5c0eebc7fc867577db3efae5dc92658d6399f6acd4352f822e8f09fae3237612,False,0
zero_edge,,45,rr3_vol2_rsi55-70,NO-EDGE,107,-0.11,36,-0.0,-0.0,-0.5,-0.4547,-0.5,False,True,5.508,4.456,15.0,UNTESTED,73,-0.0449,29,0.3793,11.0,-0.4483,-0.2594,-0.4483,False,True,5.37,3.957,15.0,UNTESTED,32,-0.274,27,-0.1111,-3.0,-0.6667,-0.6087,-0.6667,False,True,5.796,5.021,15.0,NO-EDGE,115,-0.1197,36,-0.0,-0.0,-0.5,-0.4547,-0.5,False,True,5.508,4.456,12.939,155,0,88,48,66,0,26,17,0,41,2,10,0,0,0,0,,67,0.0299,,-0.1425,0.1225,hour_sin,e28484a6ef7c5cd720fed8fa3d390816d89ad3db73b00ae239c99ad759502d30,False,0
zero_edge,,46,rr2_vol2_rsi55-70,TRAIN-ONLY,102,0.2353,42,-0.0714,-3.0,-0.5,-0.4419,-0.5,True,True,8.181,7.751,10.014,UNTESTED,85,0.3059,34,0.5,17.0,-0.1176,-0.0,-0.1176,True,True,3.129,2.999,8.758,UNTESTED,28,0.2857,35,0.2857,10.0,-0.2286,-0.2258,-0.2286,False,True,4.84,3.692,10.569,TRAIN-ONLY,102,0.2353,42,-0.0714,-3.0,-0.5,-0.4419,-0.5,True,True,7.251,6.817,9.677,25,0,25,16,13,0,14,7,0,10,0,0,0,3,0,0,,93,0.3226,,0.1278,-0.0231,vol_ratio,3365047e19b4fb3b4983fb61c442ee8a170e2048386ee4a819e407a813a4aa05,False,0
zero_edge,,47,rr2.5_vol1.5_rsi50-70,UNTESTED,111,0.1081,57,0.2632,15.0,-0.1579,-0.1082,-0.1579,True,True,4.929,3.967,15.0,UNTESTED,94,0.3032,47,0.1915,9.0,-0.3298,-0.3718,-0.3718,True,True,5.968,5.374,13.041,UNTESTED,29,-0.0492,50,0.2,10.0,-0.22,-0.2778,-0.2778,False,True,5.994,5.994,15.0,UNTESTED,122,0.0328,57,0.2632,15.0,-0.1579,-0.1082,-0.1579,True,True,4.929,3.967,13.984,53,0,34,29,24,0,26,19,0,46,9,20,0,0,0,0,,106,0.1038,,-0.1463,0.0817,ema_gap_pct,7ec8139f8b5868f1194866549cac8f5dcc99ee2319d75c85099c39e2420cef4d,False,0
zero_edge,,48,rr3_vol2_rsi50-70,NO-EDGE,93,-0.2416,42,-0.0,-0.0,-0.4286,-0.5,-0.5,False,True,7.638,7.317,15.0,NO-EDGE,59,-0.1723,33,-0.1515,-5.0,-0.7576,-0.75,-0.7576,False,True,8.571,6.531,15.0,UNTESTED,18,0.0849,26,0.1538,4.0,-0.4231,-0.4545,-0.4545,False,True,4.542,4.421,10.015,NO-EDGE,100,-0.1747,42,-0.0,-0.0,-0.4286,-0.5,-0.5,False,True,7.638,7.317,15.0,134,0,58,31,50,0,32,16,0,30,3,10,0,0,0,0,,66,0.0207,,0.1909,0.1629,hour_sin,9f0c3d84be9a3af8dc8242ca0d20dac62f98e17b4926aa894fd56da13cac7c24,False,0
zero_edge,,49,rr2_vol1.5_rsi55-70,TRAIN-ONLY,77,0.03,40,-0.3788,-15.1518,-0.775,-0.6842,-0.775,True,False,16.31,14.924,13.99,TRAIN-ONLY,73,0.0453,35,-0.3758,-13.1518,-0.7801,-0.7353,-0.7801,True,False,14.372,13.659,12.741,UNTESTED,20,-0.3345,25,-0.52,-13.0,-1.0,-0.875,-1.0,False,True,10.591,10.09,15.0,NO-EDGE,81,-0.0209,40,-0.3788,-15.1518,-0.775,-0.6842,-0.775,False,False,16.31,14.924,12.792,142,0,60,36,54,0,29,14,0,16,1,5,0,0,0,0,,53,0.1002,,-0.0914,-0.2367,hour_cos,2a24305805f7c470daedbf5e997afbc87c180113586850b3c32dbf723b53ffcb,False,0
zero_edge,,50,rr2_vol2_rsi50-70,UNTESTED,106,0.0189,48,0.0858,4.1175,-0.3517,-0.3563,-0.3563,True,True,8.948,8.816,15.0,UNTESTED,100,0.08,38,0.0557,2.1175,-0.4182,-0.5337,-0.5337,True,True,9.805,9.238,12.743,NO-EDGE,33,-0.0,37,0.2464,9.1175,-0.2703,-0.25,-0.2703,False,True,4.356,3.465,14.516,NO-EDGE,108,-0.0556,49,0.0636,3.1175,-0.3878,-0.3649,-0.3878,False,True,8.948,8.816,15.0,55,0,47,32,22,0,23,12,0,19,9,11,0,3,0,1,,91,0.0549,,-0.0726,-0.15,vol_ratio,26c9a62e8204003a0931e2817e791a9a622accd4604de4be06f82da5c8f4e106,False,0
