trade_id,window,pair,variant,signal_time_utc,entry_time_utc,exit_time_utc,entry,stop,target,stop_method,planned_rr_price,planned_rr_net,risk_pct,pair_cap_pct,qty,notional,risk_amount,exit_price,exit_reason,fees,pnl,r_multiple,hold_h,f_dist_regime_pct,f_ema_gap_pct,f_hour_utc,f_rsi,f_vol_ratio,mae_r,mfe_r,stop_ref_time_utc,stop_ref_low,stop_ref_bar,exit_low,wick_depth_r,context_csv,context_sha256,ml_prob,notes,auto_flags,reviewer_ok,reviewer_note
1,TRAIN,BTC/USDT,base+ml,2022-02-13T00:00:00Z,2022-02-13T04:00:00Z,2022-03-21T04:00:00Z,1077.900108,1001.994376,1269.752201,pivot,2.5275,2.0000,1.0000,1.0000,1.12507340,1212.7167,100.0000,1269.752201,TP,15.8477,200.0000,2.0000,864.00,2.824586,0.592682,4.000000,65.947822,2.499168,,,,,,,,,,0.6256,"reserved 1% (cap 1%, R6 1%, guard x1); stop pivot 1004.5056 -0.25%",,,
2,TRAIN,BTC/USDT,base+ml,2022-04-08T04:00:00Z,2022-04-08T08:00:00Z,2022-04-15T04:00:00Z,1462.198221,1417.554941,1605.859213,pivot,3.2180,2.0000,1.0000,1.0000,1.62870809,2381.4941,102.0000,1416.846163,SL,28.1347,-102.0000,-1.0000,164.00,8.901897,0.162702,8.000000,59.824319,2.144353,,,,,,,,,,0.5005,"reserved 1% (cap 1%, R6 1%, guard x1); stop pivot 1421.1077 -0.25%",,,
3,TRAIN,BNB/USDT,base+ml,2022-04-27T20:00:00Z,2022-04-28T00:00:00Z,2022-05-01T04:00:00Z,7.573691,7.378888,8.244973,pivot,3.4460,2.0000,0.5000,0.5000,175.19984901,1326.9095,50.4900,8.244973,TP,16.6286,100.9800,2.0000,76.00,1.574955,0.686498,0.000000,57.499422,2.196069,,,,,,,,,,0.3985,"reserved 0.5% (cap 0.5%, R6 0.5%, guard x1); stop pivot 7.4271648 -0.65%",,,
4,TRAIN,ETH/USDT,base+ml,2022-05-15T00:00:00Z,2022-05-15T04:00:00Z,2022-05-15T16:00:00Z,36.969562,35.735671,40.812017,pivot,3.1141,2.0000,1.0000,1.0000,60.42469495,2233.8745,101.9898,35.717804,SL,26.3527,-101.9898,-1.0000,12.00,10.512272,0.661960,4.000000,58.473798,5.018080,,,,,,,,,,0.7760,"reserved 1% (cap 1%, R6 1%, guard x1); stop pivot 35.825235 -0.25%",,,
5,TRAIN,BTC/USDT,base+ml,2022-05-25T04:00:00Z,2022-05-25T08:00:00Z,2022-05-30T08:00:00Z,1573.467546,1516.592340,1745.721303,pivot,3.0286,2.0000,1.0000,1.0000,1.32559819,2085.7857,100.9699,1515.834043,SL,24.5710,-100.9699,-1.0000,120.00,6.901471,0.036435,8.000000,54.317953,2.508505,,,,,,,,,,0.5356,"reserved 1% (cap 1%, R6 1%, guard x1); stop pivot 1520.3933 -0.25%",,,
6,TRAIN,BTC/USDT,base+ml,2022-06-20T12:00:00Z,2022-06-20T16:00:00Z,2022-06-23T00:00:00Z,1559.341840,1513.591455,1708.831358,pivot,3.2675,2.0000,1.0000,1.0000,1.53926446,2400.2395,99.9602,1708.831358,TP,30.1835,199.9204,2.0000,56.00,3.262918,0.121389,16.000000,62.957761,3.367812,,,,,,,,,,0.3825,"reserved 1% (cap 1%, R6 1%, guard x1); stop pivot 1517.3849 -0.25%",,,
7,TRAIN,BTC/USDT,base+ml,2022-06-30T04:00:00Z,2022-06-30T08:00:00Z,2022-07-03T20:00:00Z,1801.305263,1749.552288,1971.799185,pivot,3.2944,2.0000,1.0000,1.0000,1.37917829,2484.3211,101.9594,1971.799185,TP,31.2227,203.9188,2.0000,84.00,12.265611,0.756330,8.000000,68.094835,1.777027,,,,,,,,,,0.3476,"reserved 1% (cap 1%, R6 1%, guard x1); stop pivot 1753.9371 -0.25%",,,
8,TRAIN,BTC/USDT,base+ml,2022-10-04T04:00:00Z,2022-10-04T08:00:00Z,2022-10-08T04:00:00Z,1822.385045,1761.085802,2012.746492,pivot,3.1054,2.0000,1.0000,1.0000,1.24288242,2265.0103,103.9986,1760.205259,SL,26.7164,-103.9986,-1.0000,92.00,13.301436,0.489513,8.000000,58.697401,2.279379,,,,,,,,,,0.3936,"reserved 1% (cap 1%, R6 1%, guard x1); stop pivot 1765.4996 -0.25%",,,
9,TRAIN,BTC/USDT,base+ml,2022-10-27T04:00:00Z,2022-10-27T08:00:00Z,2022-11-06T04:00:00Z,1711.253250,1642.901356,1911.576917,pivot,2.9308,2.0000,1.0000,1.0000,1.15303790,1973.1399,102.9586,1911.576917,TP,25.0636,205.9172,2.0000,236.00,0.674091,0.664009,8.000000,57.498910,2.754598,,,,,,,,,,0.4182,"reserved 1% (cap 1%, R6 1%, guard x1); stop pivot 1647.0189 -0.25%",,,
10,TRAIN,ETH/USDT,base+ml,2022-11-20T16:00:00Z,2022-11-20T20:00:00Z,2022-12-09T00:00:00Z,13.721885,13.173787,15.328223,pivot,2.9308,2.0000,1.0000,1.0000,146.66900358,2012.5752,105.0178,15.328223,TP,25.5645,210.0356,2.0000,436.00,3.048219,0.119523,20.000000,56.598879,2.380873,,,,,,,,,,0.3532,"reserved 1% (cap 1%, R6 1%, guard x1); stop pivot 13.206804 -0.25%",,,
11,TRAIN,ETH/USDT,base+ml,2023-01-06T16:00:00Z,2023-01-06T20:00:00Z,2023-01-07T12:00:00Z,15.759665,15.471143,16.922953,pivot,4.0319,2.0000,1.0000,1.0000,221.50329491,3490.8177,107.1181,15.463407,SL,41.4961,-107.1181,-1.0000,16.00,3.217256,0.083927,20.000000,51.592431,3.117454,,,,,,,,,,0.3996,"reserved 1% (cap 1%, R6 1%, guard x1); stop pivot 15.509918 -0.25%",,,
12,TRAIN,BTC/USDT,base+ml,2023-01-25T04:00:00Z,2023-01-25T08:00:00Z,2023-01-30T04:00:00Z,1928.880571,1849.955274,2158.439972,pivot,2.9086,2.0000,1.0000,1.0000,1.03442542,1995.2831,106.0470,1849.030296,SL,23.4478,-106.0470,-1.0000,116.00,1.212966,0.625708,8.000000,63.409170,1.520459,,,,,,,,,,0.3443,"reserved 1% (cap 1%, R6 1%, guard x1); stop pivot 1854.5918 -0.25%",,,
13,TRAIN,BTC/USDT,base+ml,2023-02-06T00:00:00Z,2023-02-06T04:00:00Z,2023-02-07T16:00:00Z,1900.064225,1856.101550,2058.660879,pivot,3.6075,2.0000,1.0000,1.0000,1.55715122,2958.6873,104.9865,1855.173499,SL,35.0848,-104.9865,-1.0000,36.00,0.199340,0.428967,4.000000,56.621918,2.936456,,,,,,,,,,0.6447,"reserved 1% (cap 1%, R6 1%, guard x1); stop pivot 1860.7534 -0.25%",,,
14,TRAIN,ETH/USDT,base+ml,2023-03-06T08:00:00Z,2023-03-06T12:00:00Z,2023-03-13T20:00:00Z,13.901084,13.023282,16.173171,pivot,2.5884,2.0000,1.0000,1.0000,99.38280860,1381.5287,103.9366,14.840090,END,17.1383,76.1828,0.7330,176.00,10.622972,0.188423,12.000000,59.149511,3.848222,,,,,,,,,,0.4487,"reserved 1% (cap 1%, R6 1%, guard x1); stop pivot 13.055921 -0.25%","window_end: window-end forced exit (window-boundary artifact, not an SL/TP outcome)",,
15,TEST,ETH/USDT,base+ml,2023-03-21T04:00:00Z,2023-03-21T08:00:00Z,2023-03-26T08:00:00Z,15.765938,15.313624,17.256880,pivot,3.2963,2.0000,1.0000,1.0000,154.70243915,2439.0291,100.0000,15.305968,SL,28.8414,-100.0000,-1.0000,120.00,11.483274,0.026164,8.000000,53.905021,2.875087,,,,,,,,,,0.5047,"reserved 1% (cap 1%, R6 1%, guard x1); stop pivot 15.352004 -0.25%",,,
16,TEST,BNB/USDT,base+ml,2023-03-27T16:00:00Z,2023-03-27T20:00:00Z,2023-03-29T08:00:00Z,3.995411,3.900223,4.334391,pivot,3.5612,2.0000,0.5000,0.5000,342.55954096,1368.6661,49.5000,4.334391,TP,17.1207,99.0000,2.0000,36.00,2.155269,0.098937,20.000000,53.379503,1.510283,,,,,,,,,,0.3903,"reserved 0.5% (cap 0.5%, R6 0.5%, guard x1); stop pivot 3.92574 -0.65%",,,
17,TEST,BTC/USDT,base+ml,2023-04-20T00:00:00Z,2023-04-20T04:00:00Z,2023-04-23T00:00:00Z,2306.436519,2227.712650,2549.644882,pivot,3.0894,2.0000,1.0000,1.0000,0.93417223,2154.6089,99.9900,2226.598794,SL,25.4078,-99.9900,-1.0000,68.00,4.217479,0.069977,4.000000,59.770846,2.114797,,,,,,,,,,0.6481,"reserved 1% (cap 1%, R6 1%, guard x1); stop pivot 2233.2959 -0.25%",,,
18,TEST,BNB/USDT,base+ml,2023-07-04T20:00:00Z,2023-07-05T00:00:00Z,2023-07-07T16:00:00Z,3.270700,3.203698,3.526362,pivot,3.8158,2.0000,0.5000,0.5000,460.67509694,1506.7298,49.4950,3.202096,SL,17.8911,-49.4950,-1.0000,64.00,2.464423,1.054811,0.000000,63.929138,1.658076,,,,,,,,,,0.3598,"reserved 0.5% (cap 0.5%, R6 0.5%, guard x1); stop pivot 3.2246582 -0.65%",,,
19,TEST,BNB/USDT,base+ml,2023-07-11T04:00:00Z,2023-07-11T08:00:00Z,2023-07-24T16:00:00Z,3.297682,3.176579,3.662498,pivot,3.0124,2.0000,0.5000,0.5000,304.88662747,1005.4192,49.2476,3.174991,SL,11.8406,-49.2476,-1.0000,320.00,2.669109,0.385385,8.000000,59.629197,1.592588,,,,,,,,,,0.3969,"reserved 0.5% (cap 0.5%, R6 0.5%, guard x1); stop pivot 3.197362 -0.65%",,,
20,TEST,BTC/USDT,base+ml,2023-07-28T20:00:00Z,2023-07-29T00:00:00Z,2023-08-01T04:00:00Z,2359.472461,2260.403650,2645.324217,pivot,2.8854,2.0000,1.0000,1.0000,0.76617570,1807.7705,98.0027,2259.273448,SL,21.2326,-98.0027,-1.0000,76.00,11.501400,1.259337,0.000000,69.378744,3.418427,,,,,,,,,,0.4049,"reserved 1% (cap 1%, R6 1%, guard x1); stop pivot 2266.0688 -0.25%",,,
21,TEST,ETH/USDT,base+ml,2023-08-02T20:00:00Z,2023-08-03T00:00:00Z,2023-08-06T08:00:00Z,8.970406,8.682199,9.880384,pivot,3.1574,2.0000,1.0000,1.0000,243.50815292,2184.3669,97.0226,8.677858,SL,25.7850,-97.0226,-1.0000,80.00,0.569492,0.662424,0.000000,59.284482,4.018919,,,,,,,,,,0.6392,"reserved 1% (cap 1%, R6 1%, guard x1); stop pivot 8.7039592 -0.25%",,,
22,TEST,ETH/USDT,base+ml,2023-08-29T00:00:00Z,2023-08-29T04:00:00Z,2023-08-30T20:00:00Z,8.540407,8.295170,9.348488,pivot,3.2951,2.0000,1.0000,1.0000,274.14296516,2341.2926,96.0524,8.291023,SL,27.6853,-96.0524,-1.0000,40.00,0.178847,0.119980,4.000000,51.824930,2.421977,,,,,,,,,,0.6491,"reserved 1% (cap 1%, R6 1%, guard x1); stop pivot 8.31596 -0.25%",,,
23,TEST,BTC/USDT,base+ml,2023-09-16T04:00:00Z,2023-09-16T08:00:00Z,2023-10-06T08:00:00Z,2075.444402,1961.699268,2380.063370,pivot,2.6781,2.0000,1.0000,1.0000,0.68439521,1420.4242,95.0919,1960.718419,SL,16.5740,-95.0919,-1.0000,480.00,4.669194,1.101608,8.000000,63.840752,3.509435,,,,,,,,,,0.3646,"reserved 1% (cap 1%, R6 1%, guard x1); stop pivot 1966.6158 -0.25%",,,
24,TEST,BNB/USDT,base+ml,2023-10-13T00:00:00Z,2023-10-13T04:00:00Z,2023-10-16T00:00:00Z,2.744530,2.596851,3.141886,pivot,2.6907,2.0000,0.5000,0.5000,260.03160100,713.6647,47.0705,3.141886,TP,9.1839,94.1410,2.0000,68.00,3.382868,0.164221,4.000000,61.026111,2.640048,,,,,,,,,,0.6739,"reserved 0.5% (cap 0.5%, R6 0.5%, guard x1); stop pivot 2.613841 -0.65%",,,
25,TEST,BTC/USDT,base+ml,2023-10-19T20:00:00Z,2023-10-20T00:00:00Z,2023-10-24T16:00:00Z,2262.604797,2185.783530,2500.378560,pivot,3.0952,2.0000,1.0000,1.0000,0.90902741,2056.7698,95.0824,2500.378560,TP,25.9781,190.1648,2.0000,112.00,6.743565,0.661907,0.000000,66.657595,2.234666,,,,,,,,,,0.4917,"reserved 1% (cap 1%, R6 1%, guard x1); stop pivot 2191.2617 -0.25%",,,
26,TEST,BNB/USDT,base+ml,2023-10-30T16:00:00Z,2023-10-30T20:00:00Z,2023-11-24T20:00:00Z,3.415321,3.157512,4.057789,pivot,2.4920,2.0000,0.5000,0.5000,162.28108024,554.2419,48.4920,3.155933,SL,6.3983,-48.4920,-1.0000,600.00,10.613762,0.229519,20.000000,64.804894,3.274761,,,,,,,,,,0.4902,"reserved 0.5% (cap 0.5%, R6 0.5%, guard x1); stop pivot 3.1781702 -0.65%",,,
27,TEST,ETH/USDT,base+ml,2024-04-16T00:00:00Z,2024-04-16T04:00:00Z,2024-04-21T12:00:00Z,7.507000,7.007299,8.785293,pivot,2.5581,2.0000,1.0000,1.0000,163.48307637,1227.2674,96.4991,8.785293,TP,15.9811,192.9982,2.0000,128.00,3.063812,0.163089,4.000000,60.569687,1.871843,,,,,,,,,,0.6178,"reserved 1% (cap 1%, R6 1%, guard x1); stop pivot 7.0248607 -0.25%",,,
28,TEST,BNB/USDT,base+ml,2024-05-22T00:00:00Z,2024-05-22T04:00:00Z,2024-05-24T08:00:00Z,3.027401,2.861395,3.471920,pivot,2.6777,2.0000,0.5000,0.5000,242.72163679,734.8158,49.2145,2.859964,SL,8.5739,-49.2145,-1.0000,52.00,10.267132,0.653007,4.000000,62.381889,3.727326,,,,,,,,,,0.5923,"reserved 0.5% (cap 0.5%, R6 0.5%, guard x1); stop pivot 2.8801155 -0.65%",,,
29,TEST,ETH/USDT,base+ml,2024-05-25T20:00:00Z,2024-05-26T00:00:00Z,2024-06-06T16:00:00Z,10.102669,9.308358,12.066489,pivot,2.4724,2.0000,1.0000,1.0000,106.98782087,1080.8625,97.9370,9.303704,SL,12.4575,-97.9370,-1.0000,280.00,5.749829,0.172087,0.000000,60.538764,1.740477,,,,,,,,,,0.5618,"reserved 1% (cap 1%, R6 1%, guard x1); stop pivot 9.3316875 -0.25%",,,
30,TEST,BNB/USDT,base+ml,2024-07-07T00:00:00Z,2024-07-07T04:00:00Z,2024-07-08T04:00:00Z,2.787035,2.693408,3.077921,pivot,3.1069,2.0000,0.5000,0.5000,379.19018711,1056.8164,48.4788,2.692062,SL,12.4657,-48.4788,-1.0000,24.00,0.966617,0.650969,4.000000,56.680781,1.510019,,,,,,,,,,0.4546,"reserved 0.5% (cap 0.5%, R6 0.5%, guard x1); stop pivot 2.7110299 -0.65%",,,
31,TEST,BTC/USDT,base+ml,2024-07-12T20:00:00Z,2024-07-13T00:00:00Z,2024-07-13T20:00:00Z,1005.113903,980.786246,1091.152521,pivot,3.5367,2.0000,1.0000,1.0000,2.62650302,2639.9347,96.4728,980.295852,SL,31.2881,-96.4728,-1.0000,20.00,0.946287,0.098837,0.000000,55.562081,3.141262,,,,,,,,,,0.6938,"reserved 1% (cap 1%, R6 1%, guard x1); stop pivot 983.24436 -0.25%",,,
32,TEST,ETH/USDT,base+ml,2024-07-18T20:00:00Z,2024-07-19T00:00:00Z,2024-07-22T12:00:00Z,9.199124,8.498987,10.941063,pivot,2.4880,2.0000,1.0000,1.0000,117.83134230,1083.9451,95.5081,8.494738,SL,12.5093,-95.5081,-1.0000,84.00,5.835177,0.786417,0.000000,58.534874,1.686222,,,,,,,,,,0.3827,"reserved 1% (cap 1%, R6 1%, guard x1); stop pivot 8.5202882 -0.25%",,,
33,TEST,ETH/USDT,base+ml,2024-08-12T00:00:00Z,2024-08-12T04:00:00Z,2024-08-25T16:00:00Z,8.464737,7.947796,9.813135,pivot,2.6084,2.0000,1.0000,1.0000,152.66102649,1292.2354,94.5530,9.813135,TP,16.7419,189.1060,2.0000,324.00,0.656223,0.752311,4.000000,61.647216,2.645558,,,,,,,,,,0.5446,"reserved 1% (cap 1%, R6 1%, guard x1); stop pivot 7.9677156 -0.25%",,,
34,TEST,BTC/USDT,base+ml,2024-08-27T20:00:00Z,2024-08-28T00:00:00Z,2024-08-30T08:00:00Z,952.776251,930.624860,1032.516644,pivot,3.5998,2.0000,1.0000,1.0000,2.84375603,2709.4632,96.4440,930.159548,SL,32.1277,-96.4440,-1.0000,56.00,7.622759,1.206006,0.000000,63.509242,2.463333,,,,,,,,,,0.3457,"reserved 1% (cap 1%, R6 1%, guard x1); stop pivot 932.95725 -0.25%",,,
35,TEST,ETH/USDT,base+ml,2024-09-02T20:00:00Z,2024-09-03T00:00:00Z,2024-09-05T04:00:00Z,9.747979,9.534947,10.536622,pivot,3.7020,2.0000,1.0000,1.0000,286.32330873,2791.0735,95.4796,10.536622,TP,34.8477,190.9592,2.0000,52.00,5.441935,0.011132,0.000000,55.185108,2.399674,,,,,,,,,,0.6316,"reserved 1% (cap 1%, R6 1%, guard x1); stop pivot 9.5588445 -0.25%",,,
36,TEST,BTC/USDT,base+ml,2024-09-28T00:00:00Z,2024-09-28T04:00:00Z,2024-10-01T20:00:00Z,1061.585243,1026.747579,1170.735075,pivot,3.1331,2.0000,1.0000,1.0000,2.03411356,2159.3849,97.3892,1026.234205,SL,25.4812,-97.3892,-1.0000,88.00,2.105139,0.737125,4.000000,60.095973,2.404130,,,,,,,,,,0.5115,"reserved 1% (cap 1%, R6 1%, guard x1); stop pivot 1029.3209 -0.25%",,,
37,TEST,BTC/USDT,base+ml,2024-10-18T00:00:00Z,2024-10-18T04:00:00Z,2024-10-26T12:00:00Z,1047.499802,987.792435,1205.839947,pivot,2.6519,2.0000,1.0000,1.0000,1.33151822,1394.7651,96.4153,1205.839947,TP,18.0022,192.8306,2.0000,200.00,0.256901,0.712706,4.000000,61.332052,3.871707,,,,,,,,,,0.6505,"reserved 1% (cap 1%, R6 1%, guard x1); stop pivot 990.26811 -0.25%",,,
38,TEST,BTC/USDT,base+ml,2024-11-23T04:00:00Z,2024-11-23T08:00:00Z,2024-11-29T16:00:00Z,1635.566872,1534.309555,1898.851638,pivot,2.6002,2.0000,1.0000,1.0000,0.81249438,1328.8889,98.3436,1898.851638,TP,17.2302,196.6872,2.0000,152.00,10.382915,0.521315,8.000000,64.923752,1.982458,,,,,,,,,,0.3640,"reserved 1% (cap 1%, R6 1%, guard x1); stop pivot 1538.1549 -0.25%",,,
39,TEST,ETH/USDT,base+ml,2024-12-14T20:00:00Z,2024-12-15T00:00:00Z,2024-12-18T08:00:00Z,13.123570,12.409498,15.039423,pivot,2.6830,2.0000,1.0000,1.0000,114.84563992,1507.1848,100.3105,12.403294,SL,17.5899,-100.3105,-1.0000,80.00,2.375307,0.121940,0.000000,53.342215,4.298244,,,,,,,,,,0.7466,"reserved 1% (cap 1%, R6 1%, guard x1); stop pivot 12.4406 -0.25%",,,
